Gene,A,T,G,C,AA,AC,AG,AT,CA,CC,CG,CT,GA,GC,GG,GT,TA,TC,TG,TT
AWTC01000004.1/216016-216144,AAGTCAAAATGTACGTGCTAATTAGATGGAAACAGGTGAAAGTCCTGTACGGTCCCGCCACTGTAAGGGAGAAATCCTAAGTCAGGTCTTTCTAATTAGTTAAATACTCACGAGGTATGGGGGAGAGTT,0.3178294573643411,0.2558139534883721,0.26356589147286824,0.16279069767441862,0.09322033898305085,0.05084745762711865,0.1016949152542373,0.059322033898305086,0.0423728813559322,0.03389830508474576,0.03389830508474576,0.059322033898305086,0.06779661016949153,0.01694915254237288,0.06779661016949153,0.11016949152542373,0.09322033898305085,0.06779661016949153,0.059322033898305086,0.0423728813559322
LCOL01000014.1/6625-6483,AATCGCAGATATTCGCGGGCATTGGGGAACGAGGTGTGAATCCTCGACAGTGCCGCTACGGTAATCCGCCTCCGGCGGAAAGTCCGAGTACCAAACCGCGAATCGTAGGTCCATCGTTCTTCGAAGCAAGGAACGGACTCCAC,0.2517482517482518,0.18181818181818182,0.2867132867132867,0.27972027972027974,0.07246376811594203,0.057971014492753624,0.057971014492753624,0.057971014492753624,0.050724637681159424,0.07246376811594203,0.12318840579710146,0.036231884057971016,0.07971014492753623,0.06521739130434782,0.07246376811594203,0.06521739130434782,0.036231884057971016,0.09420289855072464,0.028985507246376812,0.028985507246376812
JXST01000052.1/34092-34236,TATCTTGATCCCGGTATGACGGGGTATGGAAGCCGGTGAGAATCCGGCACGGTTGCGCCACTGTGAAACCCCCGGGGTGAGTCAGATCTTTCGCCGTCGTACAAAACCGAACACGTAGGGGCGCGTGACCCCATAGGAGGTTTGA,0.2206896551724138,0.2,0.32413793103448274,0.25517241379310346,0.045112781954887216,0.06766917293233082,0.05263157894736842,0.05263157894736842,0.045112781954887216,0.07518796992481203,0.10526315789473684,0.022556390977443608,0.09022556390977443,0.05263157894736842,0.09774436090225563,0.09022556390977443,0.045112781954887216,0.05263157894736842,0.07518796992481203,0.03007518796992481
FWZT01000006.1/49504-49379,GAATGCACTTTTATGGCTTTGGATAAGTGAAACCCGGTGCGAATCCGGTGCTGTCCCGCAACTGTGAAGCCAAATGTTTGGTGAAGCCAGATCCTTGTCAAAGCAATCTACACCCGAGGAGGTATT,0.2619047619047619,0.25396825396825395,0.2619047619047619,0.2222222222222222,0.08620689655172414,0.04310344827586207,0.0603448275862069,0.06896551724137931,0.0603448275862069,0.0603448275862069,0.04310344827586207,0.05172413793103448,0.07758620689655173,0.06896551724137931,0.0603448275862069,0.07758620689655173,0.034482758620689655,0.04310344827586207,0.11206896551724138,0.05172413793103448
AE017283.1/485239-485354,AATGAGCCTCAATCGCGGTGGAACACCGGTGTGAATCCGGGACGGTCCCGCCACTGTGACGCCTCTTGGGCGAAGTCAGACCAGAACCGCGCTCACTCACCCCGACCGGGGTGGGA,0.20689655172413793,0.14655172413793102,0.31896551724137934,0.3275862068965517,0.05504587155963303,0.09174311926605505,0.03669724770642202,0.027522935779816515,0.06422018348623854,0.10091743119266056,0.11009174311926606,0.05504587155963303,0.09174311926605505,0.06422018348623854,0.08256880733944955,0.06422018348623854,0.0,0.07339449541284404,0.07339449541284404,0.009174311926605505
LBTN01000007.1/22159-22025,TTCTTACAATTTAACAAGCTTTTCTGTGGAAGTCGGGTTTAATTCCCGCACTGTGCCGCAACGGTAATCCCCTTTTGGGGTAGTCCGATCTTCAGCTAAGCTTTTAATCCCGAGCAGGAAATCTTGTTGATTTTT,0.21481481481481482,0.35555555555555557,0.2074074074074074,0.2222222222222222,0.08264462809917356,0.03305785123966942,0.05785123966942149,0.05785123966942149,0.049586776859504134,0.049586776859504134,0.049586776859504134,0.0743801652892562,0.04132231404958678,0.05785123966942149,0.049586776859504134,0.06611570247933884,0.05785123966942149,0.08264462809917356,0.05785123966942149,0.1322314049586777
MGTV01000013.1/40064-39930,TTGGTATAATTTCCATGTTCCGGCGGAGGAACCCGGTTTGAATCCGGGGCTGCCCCGCAACGGTGATGTCCGTCCCTGACGGACTTAGCCCGGTCTACCGCCTGAACTGTCGCAGCCTGCGAGGGACGGCCTTTT,0.15555555555555556,0.23703703703703705,0.3037037037037037,0.3037037037037037,0.04,0.056,0.032,0.04,0.024,0.104,0.104,0.064,0.072,0.08,0.096,0.064,0.032,0.056,0.08,0.056
AYYI01000042.1/16246-16100,AAATGAATATAAGCACTTTATAAAATGGAATCTTGGTGAAAATCCAAAACGGTCCCGCCACTGTGATTAGCTTTTTGCTATAAGTCAGATCTTTTTTATAAAGATGTTCGTGCGCATGTTATTTCGATGTAAAATGACATGCTTTTA,0.3197278911564626,0.35374149659863946,0.17687074829931973,0.14965986394557823,0.10606060606060606,0.030303030303030304,0.03787878787878788,0.12878787878787878,0.045454545454545456,0.022727272727272728,0.03787878787878788,0.05303030303030303,0.06060606060606061,0.05303030303030303,0.022727272727272728,0.06060606060606061,0.09090909090909091,0.05303030303030303,0.09848484848484848,0.09848484848484848
CP003056.1/1809173-1809026,TGACATCTAAATACGGGCTTGGGCGATGGAAACAGGTGAAATTCCTGTACGGTCCCGCCACTGTGATGGAAAACATTTTCCTAAGTCAGATCTTTCTCCCAAGCTGTCGGTTTATTTGAAGCCTACGAGGTATAGGCGAAAAAAATTT,0.28378378378378377,0.27702702702702703,0.23648648648648649,0.20270270270270271,0.08396946564885496,0.05343511450381679,0.05343511450381679,0.07633587786259542,0.04580152671755725,0.04580152671755725,0.05343511450381679,0.06870229007633588,0.07633587786259542,0.04580152671755725,0.06870229007633588,0.061068702290076333,0.061068702290076333,0.06870229007633588,0.07633587786259542,0.061068702290076333
JTJI01000005.1/126903-126760,GTAACGTCGTCTCGACGCGGGCGGTAGCGAAGTCCGGTGCGAATCCGGCGCTGTGCCGCAACTGTGATGCCCTCCGGGGCGAGTCAGGTCGCCTTCGCCCGTGTCGACGCCTTGTCCACCTCCGGCGCAGAGGTGGGGTGTCAG,0.125,0.1875,0.3680555555555556,0.3194444444444444,0.028985507246376812,0.036231884057971016,0.050724637681159424,0.014492753623188406,0.036231884057971016,0.07971014492753623,0.15217391304347827,0.050724637681159424,0.050724637681159424,0.10869565217391304,0.07971014492753623,0.11594202898550725,0.014492753623188406,0.09420289855072464,0.07246376811594203,0.014492753623188406
BAVM01000025.1/32475-32361,AATGAGCCTCAATCGCGGTGGAACACCGGTGTGAATCCGGGACGGTCCCGCCACTGTGACGCTCCCGGGCGAAGTCAGACCAGAACCGCGCTCACCCACCCCGACCGGGGTGGGA,0.20869565217391303,0.12173913043478261,0.3217391304347826,0.34782608695652173,0.05660377358490566,0.09433962264150944,0.03773584905660377,0.02830188679245283,0.0660377358490566,0.11320754716981132,0.12264150943396226,0.03773584905660377,0.09433962264150944,0.0660377358490566,0.08490566037735849,0.0660377358490566,0.0,0.0660377358490566,0.0660377358490566,0.0
JH594436.1/208980-209118,ACTATAATTAAATAGTATTCAAAGGAGGGAATTAGGTGTAATTCCTAAGCGGTCCCGCCACTGTGAAGATATTAGTCAAGCCAGGTTACTCCTTTGAGTATAGCCATTTTATTCTACGAGCGATGGAATGTTATGACTG,0.302158273381295,0.30935251798561153,0.22302158273381295,0.16546762589928057,0.06818181818181818,0.03787878787878788,0.09090909090909091,0.10606060606060606,0.03787878787878788,0.045454545454545456,0.030303030303030304,0.05303030303030303,0.06818181818181818,0.03787878787878788,0.045454545454545456,0.06818181818181818,0.12121212121212122,0.045454545454545456,0.06060606060606061,0.08333333333333333
CP001874.1/1396530-1396677,TGTTGCCTCCGGAACGCGTCGTGCAGCGAAGTCCGGTGGGAATCCGGCGCTGTCCCGCAACTGTGATGCCCCCTCCGGGGACGAGCCAGGTCGCCTGCACGCCGCGTCGACGTGGCAAGACCCTCGCGGAAAAGGGTGACCCGTCGAT,0.16216216216216217,0.1554054054054054,0.34459459459459457,0.33783783783783783,0.050724637681159424,0.050724637681159424,0.043478260869565216,0.021739130434782608,0.036231884057971016,0.09420289855072464,0.15217391304347827,0.043478260869565216,0.07971014492753623,0.10869565217391304,0.07246376811594203,0.08695652173913043,0.0,0.07246376811594203,0.07971014492753623,0.007246376811594203
MNWA01000007.1/20574-20446,ATATGTTAATTTAACAATGCTGTGGAATGTAGTGAAAATCTACAACTGTGCCGCAACGGTGTATTTTTGGTATTTTCCAAAATAAGTCCGATCTTCAGCAAAAAATTTTTAAACTTGCTTAGGCAAGTT,0.32558139534883723,0.3488372093023256,0.17829457364341086,0.14728682170542637,0.13675213675213677,0.042735042735042736,0.042735042735042736,0.09401709401709402,0.05982905982905983,0.02564102564102564,0.02564102564102564,0.05128205128205128,0.02564102564102564,0.05128205128205128,0.03418803418803419,0.08547008547008547,0.08547008547008547,0.042735042735042736,0.09401709401709402,0.10256410256410256
BBZA01000139.1/1792-1932,CCTGAGGCACAGCCGTCGCTCGGGGAAGTCCGGTGAGAATCCGGCGCTGTCCCGCAACTGTGATTCGGCTTTCGCCGATAAGCCAGGTCGCCGACGACGTGCTGCGCTCCAGTCCCCTTCGCGGAAAGGGAAAGGAGCCTT,0.1773049645390071,0.1773049645390071,0.3262411347517731,0.3191489361702128,0.045112781954887216,0.03007518796992481,0.07518796992481203,0.022556390977443608,0.03759398496240601,0.09022556390977443,0.12781954887218044,0.06766917293233082,0.08270676691729323,0.11278195488721804,0.07518796992481203,0.06015037593984962,0.007518796992481203,0.08270676691729323,0.05263157894736842,0.03007518796992481
MSZX01000009.1/314644-314491,ACGACAATACAAAAGTTTTAGACAATGGAAGTTTGGTGCAAATCCAACGCGGTCCCGCCACTGTAATAGACTGTAGGATCAGTCTTAAGTCAGGTCGTTTGTCTAGAAACTTTGAGAAAACTAACCATTTCGAGGCGAAAGTGGCTGGTTTACA,0.3181818181818182,0.2597402597402597,0.23376623376623376,0.18831168831168832,0.09929078014184398,0.07801418439716312,0.0851063829787234,0.0425531914893617,0.07092198581560284,0.028368794326241134,0.04964539007092199,0.04964539007092199,0.07092198581560284,0.03546099290780142,0.05673758865248227,0.09219858156028368,0.06382978723404255,0.05673758865248227,0.06382978723404255,0.05673758865248227
MNEO01000009.1/11014-11156,ACAACTGAATTAGGCGGGGTTCCAGCGAAGCCGGTGTAAGTCCGGCAGTGTCCCGCAACCGTGACGGACAAAAGGTCCGAACTCGGGTCGCCTGGAGCATCCGCACGCGGCCTACACGCCTTCGCGAGAAAGGGGTGCGCCAG,0.22377622377622378,0.13986013986013987,0.3356643356643357,0.3006993006993007,0.0661764705882353,0.0661764705882353,0.07352941176470588,0.014705882352941176,0.0661764705882353,0.08088235294117647,0.125,0.03676470588235294,0.058823529411764705,0.10294117647058823,0.08823529411764706,0.07352941176470588,0.022058823529411766,0.058823529411764705,0.04411764705882353,0.022058823529411766
AKFP01000063.1/136-1,AATTGAATAGAAACACACTACAAAATGGAATTTCGGTGAAAATCCGTAACGGTCCCGCCACTGTGATTAGCTTTTATTGCTATAAGTCAGAGCTTTTTTGTAGTTGTGTTCGAGTTGCATGTTGCTTCGATGTCAA,0.27941176470588236,0.3382352941176471,0.21323529411764705,0.16911764705882354,0.08661417322834646,0.047244094488188976,0.05511811023622047,0.07874015748031496,0.05511811023622047,0.023622047244094488,0.047244094488188976,0.047244094488188976,0.06299212598425197,0.047244094488188976,0.023622047244094488,0.09448818897637795,0.06299212598425197,0.05511811023622047,0.10236220472440945,0.11023622047244094
JPZU01000001.1/488117-487989,AATAGAAACTACTGAGGGGAAGTTGGGTGAAATTCCCACACAGTGCCGCTACTGTGAGAGAAGAGTTTCTTCTTAAGTCAGAATACCTCTAATTAGAATGTTGCCACGAGCTATGGTTGCATATATTTT,0.3023255813953488,0.29457364341085274,0.23255813953488372,0.17054263565891473,0.0743801652892562,0.05785123966942149,0.09917355371900827,0.0743801652892562,0.049586776859504134,0.03305785123966942,0.01652892561983471,0.0743801652892562,0.09090909090909091,0.04132231404958678,0.03305785123966942,0.06611570247933884,0.08264462809917356,0.04132231404958678,0.08264462809917356,0.08264462809917356
LMGG01000001.1/410007-410096,CGTTGGGCTCGAGGAAGCCGGTGTAACTCCGGCACAGTCGCGCTACTGTGACATCGCTCCGGCGGTGGAGTCAGACCCGAGGGCCCAGCG,0.16666666666666666,0.15555555555555556,0.36666666666666664,0.3111111111111111,0.023529411764705882,0.058823529411764705,0.08235294117647059,0.011764705882352941,0.058823529411764705,0.058823529411764705,0.12941176470588237,0.058823529411764705,0.07058823529411765,0.10588235294117647,0.09411764705882353,0.08235294117647059,0.023529411764705882,0.07058823529411765,0.058823529411764705,0.011764705882352941
AAEW02000007.1/145179-145032,TATCTCAAAAAACGGCTTGTGACTTAAGGAAGACGGTGCAAATCCGTCGCGGACCCGCCACTGTGAGGAAAGCTTACCTTTCCAAGTCAGATACTTATGTCACCGGCTATAACTGGCTGCACCTCGCGGATACGGGTTCTCAGACAGG,0.2635135135135135,0.22297297297297297,0.25,0.2635135135135135,0.06428571428571428,0.08571428571428572,0.05714285714285714,0.04285714285714286,0.06428571428571428,0.05,0.07142857142857142,0.08571428571428572,0.06428571428571428,0.06428571428571428,0.07142857142857142,0.05,0.05714285714285714,0.07142857142857142,0.05714285714285714,0.04285714285714286
JH601133.1/698881-699023,CAACAATTGAATAGGAATGAGGAGAATGGAATCCAGTGTGAATCTGGAACGGTCCCGCCACTGTGAAGTCAATCGACGAAGTCAGGTCTTTTGTTCTCATTCAATGCTCCCTTAATATTTCGAGGCAAAATATTAAGATCCCT,0.3076923076923077,0.2727272727272727,0.21678321678321677,0.20279720279720279,0.11764705882352941,0.029411764705882353,0.0661764705882353,0.10294117647058823,0.0661764705882353,0.03676470588235294,0.03676470588235294,0.051470588235294115,0.09558823529411764,0.022058823529411766,0.051470588235294115,0.058823529411764705,0.03676470588235294,0.09558823529411764,0.07352941176470588,0.058823529411764705
CP000480.1/6152886-6152763,ATGCTGCTGTAATCGACAGACGCCGGAATCTGGTGAGAATCCAGAACGGTCGCGCCACTGTGAAAGTCAGACCCTGCGTTTGTCACTCCTTCGAACTGGGACGCGGTATCCCAGAAAGGATCTT,0.24193548387096775,0.21774193548387097,0.27419354838709675,0.2661290322580645,0.05982905982905983,0.06837606837606838,0.05982905982905983,0.05128205128205128,0.05128205128205128,0.05128205128205128,0.08547008547008547,0.07692307692307693,0.10256410256410256,0.05982905982905983,0.05128205128205128,0.06837606837606838,0.017094017094017096,0.08547008547008547,0.08547008547008547,0.02564102564102564
AEYZ01000085.1/10291-10149,TGCAGATATAACCGTGCTGTTGCGGGTTTGGAAGCCGGTGGAAATCCGGCGCGGTCGCGCCACTGTGACCAGCGTGTCGAAAACTCTTCGCGCTGGAAGTCAGACCCTGCCGCACAAGCACTCTTTCGACTGAACGCGTCATT,0.20279720279720279,0.21678321678321677,0.2937062937062937,0.2867132867132867,0.058823529411764705,0.0661764705882353,0.04411764705882353,0.029411764705882353,0.058823529411764705,0.051470588235294115,0.11764705882352941,0.0661764705882353,0.0661764705882353,0.11029411764705882,0.051470588235294115,0.07352941176470588,0.014705882352941176,0.0661764705882353,0.08823529411764706,0.03676470588235294
CP019728.1/2059878-2060028,AACCCAATACAAAGACATCTCGGCTATGTAAGTTGGTGAGAATCCAACGCGGTCCCGCCACTGTAAGAACATCTTTGATGTTTAAGTCAGAGCTTTATTCGAGAATGCTTATACGCGCGCATACTATTTCAAGGTAAAATAGTATTGTTTA,0.31125827814569534,0.2913907284768212,0.1986754966887417,0.1986754966887417,0.09219858156028368,0.05673758865248227,0.07092198581560284,0.09219858156028368,0.06382978723404255,0.028368794326241134,0.05673758865248227,0.04964539007092199,0.05673758865248227,0.05673758865248227,0.028368794326241134,0.07092198581560284,0.09929078014184398,0.05673758865248227,0.05673758865248227,0.06382978723404255
KE136363.1/410277-410426,AATAGTTATTTTATGAAAAGGATAAATGGAAACCAGTGTAAATCTGGTACGGTGCCGCCACTGTGAGAAGCAGCGCATGCTTTGTAGTCAGATCTTTTTATTCTTTTCATTAGCGGGCATGCTGTTTCGTTGCAAAGCAGGATGTTTTCT,0.26,0.34,0.24,0.16,0.058823529411764705,0.022058823529411766,0.08088235294117647,0.08823529411764706,0.0661764705882353,0.022058823529411766,0.03676470588235294,0.051470588235294115,0.051470588235294115,0.08088235294117647,0.04411764705882353,0.08088235294117647,0.0661764705882353,0.051470588235294115,0.09558823529411764,0.10294117647058823
MIEK01000026.1/30782-30925,AATTGAATATGCGTAAGTTTCAATGGAAATTTGGTTAGATTCCAATACGGTCCCGCCACTGTAAAGAGCATTTTTTGCTATAAGTCAGGTCTTTAGAACTTATGTACCCGTAATACTGTTTCGAGGCAAAACAGTAGGACACAT,0.3125,0.3125,0.2013888888888889,0.1736111111111111,0.09090909090909091,0.06060606060606061,0.07575757575757576,0.09090909090909091,0.06818181818181818,0.030303030303030304,0.03787878787878788,0.03787878787878788,0.05303030303030303,0.03787878787878788,0.045454545454545456,0.08333333333333333,0.09848484848484848,0.045454545454545456,0.06060606060606061,0.08333333333333333
MFVU01000011.1/5023-5181,TTTTAACAATTTAACAGTTTTGCGTTTGGAAGTGAGGTTTAATTCCTCCACTGTGCCGCAACGGTAATCTCCTCCGACTCTGGTCGGGAGAGGAGTCCGGTCGTTACGCAAAGCATGTGTCCCGAGCAGGATATTCGAAAGGTAAAAATTCTGCTCCGC,0.2389937106918239,0.2830188679245283,0.25157232704402516,0.22641509433962265,0.07482993197278912,0.04081632653061224,0.06802721088435375,0.047619047619047616,0.047619047619047616,0.05442176870748299,0.07482993197278912,0.05442176870748299,0.061224489795918366,0.05442176870748299,0.061224489795918366,0.08843537414965986,0.047619047619047616,0.08843537414965986,0.061224489795918366,0.07482993197278912
LCLP01000004.1/37559-37400,AGTTTGTTACTTTAGTTTCTGCTGTGGAAGGCGGTGAAAATCCGCCACTGTGCCGCAACGGTGAGCTCTTTGGCTAAAAGCCATAAGAAAAGTCCGGTCTTCAGCAAGTAATCTTTGACGAGCATCAACCTTGGGAAGGTTAACCCCAACTGATGCTCCC,0.25625,0.2625,0.24375,0.2375,0.10135135135135136,0.0472972972972973,0.07432432432432433,0.033783783783783786,0.05405405405405406,0.060810810810810814,0.04054054054054054,0.08108108108108109,0.05405405405405406,0.07432432432432433,0.05405405405405406,0.07432432432432433,0.04054054054054054,0.060810810810810814,0.08783783783783784,0.060810810810810814
BAVO01000028.1/145-30,AATGAGCCTCAATCGCGGTGGAACACCGGTGTGAATCCGGGACGGTCCCGCCACTGTGACGCCTCTTGGGCGAAGTCAGACCAGAACCGCGCTCACTCACCCCGACCGGGGTGGGA,0.20689655172413793,0.14655172413793102,0.31896551724137934,0.3275862068965517,0.05504587155963303,0.09174311926605505,0.03669724770642202,0.027522935779816515,0.06422018348623854,0.10091743119266056,0.11009174311926606,0.05504587155963303,0.09174311926605505,0.06422018348623854,0.08256880733944955,0.06422018348623854,0.0,0.07339449541284404,0.07339449541284404,0.009174311926605505
AYYI01000029.1/4498-4357,TTAACTAAATTAAACGATTATAAAAAGAGAATACGGTGTGAATCCGTAGCAGTCCTTAGTCTACTGTAACACGTTAACGTGAAGCCAGATCGCTTTTTATCATCGGTACGACATTACTTTTATTCAAGGGAAGTAATGTTTT,0.33098591549295775,0.323943661971831,0.18309859154929578,0.1619718309859155,0.09848484848484848,0.07575757575757576,0.06818181818181818,0.08333333333333333,0.045454545454545456,0.022727272727272728,0.06060606060606061,0.045454545454545456,0.06060606060606061,0.022727272727272728,0.022727272727272728,0.08333333333333333,0.12121212121212122,0.05303030303030303,0.03787878787878788,0.09848484848484848
CP001874.1/2910379-2910527,TTTCGAGGGAGTTCGCGGCGGTTCAAGGGAAATCCGGTGAGAGGCCGGTGCGGACGCGCCACTGTATCCGGGACGTCGATCCCGGGAGCCAGGTCGCTTGAACCGTCGTGGGACCTCACCGTATGGGCGCGTTATCCCAGAAGGAGGCA,0.18120805369127516,0.174496644295302,0.37583892617449666,0.2684563758389262,0.028985507246376812,0.043478260869565216,0.07246376811594203,0.036231884057971016,0.043478260869565216,0.07246376811594203,0.13768115942028986,0.021739130434782608,0.09420289855072464,0.07971014492753623,0.10869565217391304,0.07971014492753623,0.021739130434782608,0.07971014492753623,0.043478260869565216,0.036231884057971016
MNUS01000051.1/13192-13325,TAAAAGACGTTCAACCCTCCCTTCAGAGGAATCCGGTGAAATTCCGGAGCTGCCGCGCAACGGTGAAGTCCCCGCCAAGGGGAATAAGCCCGGTCGACTGATGGGAGGAAATTCCTTCGCGGGAAGGGGAAGAG,0.26865671641791045,0.15671641791044777,0.3208955223880597,0.2537313432835821,0.10655737704918032,0.03278688524590164,0.09016393442622951,0.040983606557377046,0.03278688524590164,0.08196721311475409,0.09016393442622951,0.040983606557377046,0.11475409836065574,0.05737704918032787,0.09836065573770492,0.040983606557377046,0.01639344262295082,0.07377049180327869,0.040983606557377046,0.040983606557377046
CM001376.1/360270-360424,AACGTCAAATGAACGCGTTTCGGCCCAGGGAAGCCGGTGAAAATCCGGCGCGGTGCCGCCACTGTGAGCTCGGGCCCCTCGGGGCCCGGCGAGTCAGACTGCTGGCCGGACGCGAGTCTTCGATGGCCCGCGGCCTACGGGTAACTTCGATGTTT,0.16774193548387098,0.17419354838709677,0.34838709677419355,0.3096774193548387,0.04929577464788732,0.04929577464788732,0.04225352112676056,0.028169014084507043,0.028169014084507043,0.07746478873239436,0.14788732394366197,0.056338028169014086,0.07042253521126761,0.11971830985915492,0.09859154929577464,0.06338028169014084,0.014084507042253521,0.06338028169014084,0.06338028169014084,0.028169014084507043
AVPG01000037.1/280-426,ACAATAAAATGAAACTGTATGGATAATGGAAGTTGGTGAAATTCCAACACGGTCCCGCCACTGTAATAGGTTAAATTGCCTTGAGTCAGATCTTTTATCTATATAGCGGATTGTATAGCCATCTCGAGGTAGGGTGGGCTATATAGC,0.30612244897959184,0.2925170068027211,0.23809523809523808,0.16326530612244897,0.07246376811594203,0.036231884057971016,0.06521739130434782,0.12318840579710146,0.043478260869565216,0.036231884057971016,0.028985507246376812,0.050724637681159424,0.057971014492753624,0.043478260869565216,0.06521739130434782,0.07246376811594203,0.11594202898550725,0.050724637681159424,0.07971014492753623,0.057971014492753624
BAVN01000021.1/137-22,AATGAGCCTCAATCGCGGTGGAACACCGGTGTGAATCCGGGACGGTCCCGCCACTGTGACGCCTCTTGGGCGAAGTCAGACCAGAACCGCGCTCACTCACCCCGACCGGGGTGGGA,0.20689655172413793,0.14655172413793102,0.31896551724137934,0.3275862068965517,0.05504587155963303,0.09174311926605505,0.03669724770642202,0.027522935779816515,0.06422018348623854,0.10091743119266056,0.11009174311926606,0.05504587155963303,0.09174311926605505,0.06422018348623854,0.08256880733944955,0.06422018348623854,0.0,0.07339449541284404,0.07339449541284404,0.009174311926605505
LBPY01000013.1/21639-21769,TTTTAAAAATTTAAACCTATGTATTTGGAAGTGAGGTGTGATTCCTCCACTGTGCCGCAACGGTAATGCTCGTAAGAGATAAGTCCGATCTTAATACAATGGTGACCCCCGAGCAGGAGAAATCTACTATT,0.3053435114503817,0.2900763358778626,0.21374045801526717,0.19083969465648856,0.09090909090909091,0.049586776859504134,0.06611570247933884,0.09090909090909091,0.03305785123966942,0.05785123966942149,0.04132231404958678,0.05785123966942149,0.08264462809917356,0.03305785123966942,0.04132231404958678,0.0743801652892562,0.09090909090909091,0.049586776859504134,0.08264462809917356,0.05785123966942149
LXKA01000362.1/5681-5527,CGCGTAGAATAGCGGAACTGCGAAGCAAGGAAGCCGGTGAGAGCCCGGCGCGGTCGCGCCACTGTAATCGGCAATCCAAGCCGAAAGCCAGACCTGAGCTTCGCACCATTCCTTTGTAATCGACTATCGGGGCGCGTTACCCCAGGAGATGTCCA,0.24516129032258063,0.16129032258064516,0.2967741935483871,0.2967741935483871,0.06711409395973154,0.040268456375838924,0.087248322147651,0.04697986577181208,0.06040268456375839,0.08053691275167785,0.11409395973154363,0.040268456375838924,0.08053691275167785,0.11409395973154363,0.06040268456375839,0.04697986577181208,0.040268456375838924,0.053691275167785234,0.040268456375838924,0.026845637583892617
CP002218.1/1026245-1026157,CTGCGAGGCGCGGAAGCCGGTGAGAGCCCGGCGCGGTCGCGCCACTGTAATCGGCATTGCAAGCCGAAAGCCAGACCTGAGCTTCGCAG,0.20224719101123595,0.12359550561797752,0.3595505617977528,0.3146067415730337,0.046511627906976744,0.023255813953488372,0.10465116279069768,0.023255813953488372,0.05813953488372093,0.06976744186046512,0.13953488372093023,0.046511627906976744,0.08139534883720931,0.1744186046511628,0.06976744186046512,0.03488372093023256,0.011627906976744186,0.03488372093023256,0.05813953488372093,0.023255813953488372
MGUI01000035.1/47355-47211,GTTGTATAATTTGAATATTCAGGCGGAGGAACCCGGTGTAAATCCGGGGCTGCCCCGCAACGGTGATGTCCGCAAGGACTAAGCCCGGTCTACCGCCTGGAAGCTGCAGCCTGCGCGGGACGGCGCCCTTCCAAGGGTAGGCCGC,0.2,0.1793103448275862,0.3310344827586207,0.2896551724137931,0.06666666666666667,0.037037037037037035,0.05925925925925926,0.044444444444444446,0.037037037037037035,0.08888888888888889,0.0962962962962963,0.05185185185185185,0.05185185185185185,0.11851851851851852,0.1037037037037037,0.05925925925925926,0.05185185185185185,0.037037037037037035,0.06666666666666667,0.02962962962962963
AYZM01000038.1/18505-18347,ACAATTGAATGAAAAGGCTTACTAAATGGAAACCGGTGTAATTCCGGTACGGACCCGCCACTGTGATTAGTAGTGGTATACTACTATCAGTCAGATCTTTTTAGTAAGCTACTTATGAGAAGTGACATTTTGCCTCGTGGAAAAGGCGAAATGTTTTTC,0.3018867924528302,0.3018867924528302,0.22641509433962265,0.16981132075471697,0.08163265306122448,0.06802721088435375,0.06802721088435375,0.07482993197278912,0.034013605442176874,0.034013605442176874,0.04081632653061224,0.061224489795918366,0.07482993197278912,0.034013605442176874,0.05442176870748299,0.08163265306122448,0.09523809523809523,0.04081632653061224,0.08163265306122448,0.07482993197278912
AP009493.1/780887-780795,GACGAGGGTGCGACGGAAGTCCGGTGGGAATCCGGCACGGTCGCGCCACTGTGAACCCGCCCGCGCGGGGAAGTCAGACCCGGCACCTTCGTC,0.17204301075268819,0.11827956989247312,0.3763440860215054,0.3333333333333333,0.046511627906976744,0.08139534883720931,0.046511627906976744,0.011627906976744186,0.046511627906976744,0.08139534883720931,0.16279069767441862,0.023255813953488372,0.09302325581395349,0.09302325581395349,0.10465116279069768,0.08139534883720931,0.0,0.06976744186046512,0.046511627906976744,0.011627906976744186
BA000036.3/554364-554203,AGGACACCATCCGTTCTTTTTCAGGGGAATTTCGGTGAGAACCCGAAGCTGACCCGCAACCGTATTATGCAATCGCTTTCACCAGGTATTGCATTAAGCCGGATCACCTGAATAAGAAATGAGTGGCTCCAAACCGTCGAGGATTACGGTTCTGAAGCCCGT,0.2654320987654321,0.24074074074074073,0.24074074074074073,0.25308641975308643,0.0728476821192053,0.059602649006622516,0.06622516556291391,0.0728476821192053,0.06622516556291391,0.0728476821192053,0.0728476821192053,0.039735099337748346,0.08609271523178808,0.052980132450331126,0.059602649006622516,0.052980132450331126,0.039735099337748346,0.06622516556291391,0.052980132450331126,0.06622516556291391
LVCV01000333.1/187-334,AGAAGAACGACACCGGAGCTGGTGCGGGGAAGTCCTGTGCGAATCAGGCGCGGTCCCGCCACTGTGTAGGTGCCGGGCACACTGCCCGGCACCGAAGTCAGATCACCGCACAGCTTCGTAGTACGGCCCGTCTGTCCGGCGGGTCATT,0.1891891891891892,0.16216216216216217,0.33783783783783783,0.3108108108108108,0.03546099290780142,0.07092198581560284,0.07092198581560284,0.02127659574468085,0.07801418439716312,0.07092198581560284,0.11347517730496454,0.0425531914893617,0.05673758865248227,0.09929078014184398,0.0851063829787234,0.09219858156028368,0.02127659574468085,0.06382978723404255,0.06382978723404255,0.014184397163120567
AL591824.1/1198103-1198252,ATTCGTTCATACAAACAGTTAGATACTGGAAGTCTGGTGAAAGTCCAGCACGGTCCCGCCACTGTAAGGAGTTAGACACTCTAAGTCAGGTCTTTTATCTAATTGTTTTAACTGGTTATACTGCTTCGAGGCAAAGTATGTATAATTCTT,0.28,0.32666666666666666,0.20666666666666667,0.18666666666666668,0.06293706293706294,0.06293706293706294,0.08391608391608392,0.06293706293706294,0.06293706293706294,0.02097902097902098,0.027972027972027972,0.07692307692307693,0.04195804195804196,0.027972027972027972,0.04895104895104895,0.0979020979020979,0.0979020979020979,0.07692307692307693,0.055944055944055944,0.09090909090909091
LCLH01000017.1/24926-24773,TTACATTGTTGATAACTTTTAACGCATGGAAATGAGGTGCAAATCCTCTGCTGTGCCGCAACCGTGAATTTTGAGCCATGACGCGTTCAAAATAAGCCGGGTCTTTGCTTTAAGAGTTATAATTATTCATCTCCCGAGCAGGAGAGTGAAGTAG,0.2792207792207792,0.2987012987012987,0.23376623376623376,0.18831168831168832,0.08333333333333333,0.034722222222222224,0.0763888888888889,0.08333333333333333,0.05555555555555555,0.041666666666666664,0.04861111111111111,0.04861111111111111,0.0763888888888889,0.06944444444444445,0.027777777777777776,0.0625,0.0625,0.04861111111111111,0.09027777777777778,0.09027777777777778
FXAZ01000006.1/150852-151003,ACACAACAGAAAAAGTTATAGGTAATGGAAGTTTGGTGCAAATCCAACACGGTCCCGCCACTGTGATAGATCGTTCACTCGATCTTAAGTCAGGTCTTTTGCCTAGTAACTTTGCTGGATCAGCTGCTTCGAGGCGAAAGTGGCTGGTTGTT,0.2631578947368421,0.28289473684210525,0.25,0.20394736842105263,0.06993006993006994,0.055944055944055944,0.07692307692307693,0.04895104895104895,0.06993006993006994,0.027972027972027972,0.04195804195804196,0.06993006993006994,0.055944055944055944,0.055944055944055944,0.06293706293706294,0.09090909090909091,0.04895104895104895,0.06993006993006994,0.08391608391608392,0.06993006993006994
JRTT01000024.1/52769-52917,ACACAGCCACAATCTGCGGTGTGCGAGGGAAACCGGTGCAAGTCCGGTGCGGTCGCGCCACTGTGAAACCACCCCCCACGGGTGGTGAGTCAGGACACTCACACACCGCAGGCCCCAACGATCGGGACGCGTCATCCCGCAGGAGGTTC,0.2214765100671141,0.12751677852348994,0.3087248322147651,0.3422818791946309,0.03597122302158273,0.1079136690647482,0.05755395683453238,0.02158273381294964,0.1223021582733813,0.08633093525179857,0.10071942446043165,0.02158273381294964,0.05755395683453238,0.07913669064748201,0.08633093525179857,0.08633093525179857,0.0,0.06474820143884892,0.06474820143884892,0.007194244604316547
FSRU01000001.1/843764-843912,CACGTAAAATGCCGCGCATACGACTCGTGGAAGCTGGTGAAACTCCAGCGCGGTCGCGCCACTGTGACCGGTTCAGCCTGAACCGGAAGTCAGACCTCGGCGTCGTATCCCTCTTCCGACTTTGGGGCGCGTAATCCCCAGGAGCTATC,0.20134228187919462,0.19463087248322147,0.28187919463087246,0.3221476510067114,0.04929577464788732,0.06338028169014084,0.04929577464788732,0.035211267605633804,0.04929577464788732,0.07746478873239436,0.11971830985915492,0.07042253521126761,0.06338028169014084,0.09154929577464789,0.06338028169014084,0.07042253521126761,0.035211267605633804,0.08450704225352113,0.056338028169014086,0.02112676056338028
CP003355.1/1047189-1047338,GCCACAATATAAAAGTTTTAGGCAATGGAAGTTTGGTGCAAATCCAACGCGGTCCCGCCACTGTGATAGACCGGATACCGGTCTTAAGTCAGGTCTTTTGCCTAGAAACTTTGAGCAACCAACCGCTTCGAGGCGAAAGTGGTGGTTTAG,0.2733333333333333,0.24666666666666667,0.26,0.22,0.08633093525179857,0.05755395683453238,0.07913669064748201,0.04316546762589928,0.06474820143884892,0.06474820143884892,0.05755395683453238,0.04316546762589928,0.05755395683453238,0.06474820143884892,0.07194244604316546,0.07913669064748201,0.05755395683453238,0.04316546762589928,0.06474820143884892,0.06474820143884892
AODI01000006.1/47030-46883,CACAAATAGTATTTAGAATACAAAAATGGAAGTTTGGTGTAAATCCAACGCGGTCCCGCCACTGTGATAAGTACATTGTGCTTTAAGTCAGGTCTTTGATTGTATTCTGCTATTGCGGACTGTTTCGTGGTAAAACAGGCTGTTTTTC,0.2702702702702703,0.33783783783783783,0.22297297297297297,0.16891891891891891,0.08208955223880597,0.05223880597014925,0.05223880597014925,0.07462686567164178,0.05970149253731343,0.022388059701492536,0.03731343283582089,0.05223880597014925,0.03731343283582089,0.04477611940298507,0.05223880597014925,0.11194029850746269,0.08208955223880597,0.05223880597014925,0.1044776119402985,0.08208955223880597
CCNA01000034.1/519678-519821,ACAAGTGTTTTAGCGCTATACGGGATTGGAAGCCGGTGCGAATCCGGCACGGTCGCGCCACTGTGATCGGCACCAGCCGAAAGTCAGGCCTTATTCCGCAGCATTGTTCGATCAACGGGACGCAGTATCCCACGGGAGGTCAAT,0.22916666666666666,0.2013888888888889,0.2986111111111111,0.2708333333333333,0.043795620437956206,0.058394160583941604,0.06569343065693431,0.06569343065693431,0.08759124087591241,0.058394160583941604,0.10948905109489052,0.021897810218978103,0.058394160583941604,0.0948905109489051,0.072992700729927,0.06569343065693431,0.0364963503649635,0.06569343065693431,0.043795620437956206,0.051094890510948905
LT629749.1/4437431-4437518,GGCGCAGCAGAGGAACCCGGTGCGATTCCGGGACGGTCCCGCCACTGTGACCCAGGTCCGCCTGGGAAGTCAGGCCGTCTGCCGCGCC,0.14772727272727273,0.125,0.36363636363636365,0.36363636363636365,0.024390243902439025,0.04878048780487805,0.07317073170731707,0.012195121951219513,0.06097560975609756,0.12195121951219512,0.12195121951219512,0.036585365853658534,0.07317073170731707,0.12195121951219512,0.0975609756097561,0.07317073170731707,0.0,0.06097560975609756,0.06097560975609756,0.012195121951219513
AOCD01000060.1/11897-11752,AATGAATAATTGTGTAACACTTCATGGAAGTTTGGTTAGATCCCAATACGGTCCCGCCACTGTAAACAGCATTAGCTGGAGTCAGGTCTTTGAAGGTTATTACTATCTTATTTAAGCTTTTTCGTGGAGAAAGAGGCTTAAATTGT,0.2876712328767123,0.3356164383561644,0.2191780821917808,0.15753424657534246,0.08148148148148149,0.044444444444444446,0.08148148148148149,0.08148148148148149,0.05185185185185185,0.022222222222222223,0.022222222222222223,0.05925925925925926,0.05925925925925926,0.037037037037037035,0.05925925925925926,0.08148148148148149,0.08888888888888889,0.05185185185185185,0.07407407407407407,0.1037037037037037
FQUF01000004.1/21307-21443,ATAAGTATATATAGATAATAATAAATGGAATTCGGTGCAAATCCGAAACGGTCCCGCCACTGTAAGAACATTGTTCAAGTCAGGTCTTTTTATTAATATCTTTGGTGTAACTACTTCGAGGCAAAGTAGTAAACAAG,0.35766423357664234,0.29927007299270075,0.1897810218978102,0.15328467153284672,0.11811023622047244,0.047244094488188976,0.07086614173228346,0.11023622047244094,0.05511811023622047,0.023622047244094488,0.03937007874015748,0.03937007874015748,0.03937007874015748,0.023622047244094488,0.047244094488188976,0.08661417322834646,0.12598425196850394,0.06299212598425197,0.047244094488188976,0.06299212598425197
JH594435.1/670077-670225,ATCTGTAAATTTTAAAAACAATTTCAGGGGAATTGAGTGAAAGTCTCAAACGGTCCCGCCACTGTGATGAGAATCCTGTATTCTCAGAGTCAGATTACCTGTGTTGTTTGTTTAAGTCTTATTCTACGAGCGATGGAAAAGGATTTGCG,0.28859060402684567,0.3221476510067114,0.22818791946308725,0.1610738255033557,0.08148148148148149,0.037037037037037035,0.07407407407407407,0.08148148148148149,0.044444444444444446,0.02962962962962963,0.037037037037037035,0.05925925925925926,0.08888888888888889,0.022222222222222223,0.037037037037037035,0.08888888888888889,0.05185185185185185,0.08148148148148149,0.0962962962962963,0.08888888888888889
AP013036.1/2306140-2305991,AATCAAATGTTTATGAGAGATACGAATGGAAGCCAGTGAGATGCTGGCACGGTCCCGCCACTGTGATAAAGCGTTCGAGCTTTTAAGTCAGGTCTTTTCTTATTTTTCATTATTGGGCAAACTGTTTCGAGGCAAAACAGGGTGTTGCTA,0.26666666666666666,0.30666666666666664,0.25333333333333335,0.17333333333333334,0.0661764705882353,0.03676470588235294,0.08088235294117647,0.07352941176470588,0.0661764705882353,0.022058823529411766,0.04411764705882353,0.051470588235294115,0.07352941176470588,0.0661764705882353,0.051470588235294115,0.07352941176470588,0.051470588235294115,0.058823529411764705,0.08823529411764706,0.09558823529411764
MPNS01000001.1/630065-629916,AGCCGTCCATGTGAGACAGGATGAGGAAGTCCGGTGTGATTCCGGCGCGGTACCGCCACTGTGAACGCAGCCCCTCGGGTGCTCGTGAGCCAGACCTTCGCCTCGTCTTGAGTTTTCCTGCCGGGGCGGAACTCCCCGAGAAGGGTTGAT,0.16666666666666666,0.20666666666666667,0.3333333333333333,0.29333333333333333,0.027972027972027972,0.04195804195804196,0.07692307692307693,0.027972027972027972,0.03496503496503497,0.1048951048951049,0.0979020979020979,0.055944055944055944,0.0979020979020979,0.07692307692307693,0.06993006993006994,0.08391608391608392,0.006993006993006993,0.06993006993006994,0.08391608391608392,0.04195804195804196
CP001683.1/3044047-3044222,ACTGTCATCGCGACGTGAGCGGGAGCGAAGTCCGGTGAGAATCCGGCGCTGTGCCGCAACTGTGATGGACCCGTCAGACTGCTCGTCGACAGCCGAGCCGAATTACGGGTCCTAGCCAGGTCGCCTCCCGTTTCACGTGACGCCATTGTCACCTCCGGCGCAGAGGTACGGCGTCC,0.17613636363636365,0.18181818181818182,0.3181818181818182,0.32386363636363635,0.023529411764705882,0.06470588235294118,0.06470588235294118,0.029411764705882353,0.052941176470588235,0.08235294117647059,0.13529411764705881,0.047058823529411764,0.08235294117647059,0.09411764705882353,0.052941176470588235,0.08823529411764706,0.01764705882352941,0.08235294117647059,0.06470588235294118,0.01764705882352941
KK073878.1/14188-14278,GGTTACGGATCTGGAAGCTGGTGAAAATCCAGCACGGTCGCGCCACTGTGACCCGCGGTTATCGCCGGAAGTCAGGCCTTGGTCCGTGCCC,0.17582417582417584,0.1978021978021978,0.32967032967032966,0.2967032967032967,0.04597701149425287,0.04597701149425287,0.04597701149425287,0.034482758620689655,0.04597701149425287,0.08045977011494253,0.10344827586206896,0.04597701149425287,0.05747126436781609,0.09195402298850575,0.10344827586206896,0.09195402298850575,0.022988505747126436,0.06896551724137931,0.08045977011494253,0.034482758620689655
CP003493.1/92755-92614,TCACACACGTGACCACATCGAGCGCAGCGAAGCCGGTGAGAATCCGGCGCTGTCCCGCAACGGTGACGCCCTCTGGGCCAAGTCCGGTCGCCTGCCCCGAGGTGTCTGTTCCCGTTCACGATGGATGAACCGGCGCCGGAAG,0.18309859154929578,0.15492957746478872,0.31690140845070425,0.34507042253521125,0.04411764705882353,0.0661764705882353,0.051470588235294115,0.029411764705882353,0.0661764705882353,0.09558823529411764,0.1323529411764706,0.03676470588235294,0.08088235294117647,0.09558823529411764,0.0661764705882353,0.07352941176470588,0.0,0.07352941176470588,0.07352941176470588,0.014705882352941176
FZNO01000016.1/25066-25206,ACCCCCGGGTCGGTGCCGCAGCGGCAGCGAAGTCCGGTGCAATCCCGGCGCTGTCCCGCAACTGTGATGGTCACCTCGGGTGGCCTGAGCCAGATCGCCTGCCCTTCGGCATGTCACCGACCCTCGCGGTAAGGGTCGCGT,0.1347517730496454,0.1702127659574468,0.3333333333333333,0.3617021276595745,0.030534351145038167,0.03816793893129771,0.04580152671755725,0.030534351145038167,0.061068702290076333,0.09923664122137404,0.1297709923664122,0.05343511450381679,0.03816793893129771,0.12213740458015267,0.08396946564885496,0.0916030534351145,0.007633587786259542,0.08396946564885496,0.07633587786259542,0.007633587786259542
LT629758.1/2297605-2297756,AAGCCAGCCAATTCTGCGGCGAGTGAGGAAAACCGGTGAGACTCCGGTGCGGTCGCGCCACTGTAAGCCGAACCCCGTCACGGGCAGGCGAGTCAGGACGCTCACGCGCCGCAGGCCCCATCGATCGGGACGCGTCATCCCGAAGGAGGAAC,0.2236842105263158,0.1118421052631579,0.3355263157894737,0.32894736842105265,0.05517241379310345,0.06206896551724138,0.08275862068965517,0.027586206896551724,0.06896551724137931,0.08275862068965517,0.13793103448275862,0.027586206896551724,0.0896551724137931,0.1103448275862069,0.08275862068965517,0.05517241379310345,0.006896551724137931,0.06896551724137931,0.034482758620689655,0.006896551724137931
GL830857.1/24143-24012,GCCTGTCTATGCAGGTAATAATCGGAATACGGTGCAAATCCGTAGCGGTCAAGCCACTGTGATGCCGCAAGGCTAAGTCAGGTTGATTTCCTCAGTTGATATATTCCTGCTAGCGACGGAAATATATATAAT,0.2803030303030303,0.2727272727272727,0.24242424242424243,0.20454545454545456,0.0703125,0.0234375,0.0625,0.1171875,0.0546875,0.046875,0.0546875,0.0546875,0.046875,0.078125,0.0546875,0.0703125,0.1015625,0.0625,0.0703125,0.03125
MGMI01000121.1/4337-4480,GCCTAATTGAAGACGCGGGCCATCAGCGAAGCCGGTGAGACTCCGGCACGGTCTGGCCACCGTATCGGGAGAGATCCCAAAGTCGGGTCGCCTGATGTCCCGCTCGCGGCCGAAACGCCTTCCGAAGAGAGGTGGACGTCCAGG,0.20833333333333334,0.14583333333333334,0.3402777777777778,0.3055555555555556,0.04411764705882353,0.04411764705882353,0.08088235294117647,0.03676470588235294,0.04411764705882353,0.09558823529411764,0.125,0.04411764705882353,0.10294117647058823,0.08823529411764706,0.08088235294117647,0.058823529411764705,0.014705882352941176,0.08088235294117647,0.04411764705882353,0.014705882352941176
LXGI01000075.1/290798-290944,GCCTTACAATTCCGTTGCCATGTCCGGAAGCTGGTGCAAATCCAGCGCGGTCGCGCCACTGTGATCGGCCTTCGCGCCGAAAGTCAGACCTGGGCATCGGCGCACATCAATCGCATTTTCGGGGCGCGAAACCCCTGGAGAAATCAG,0.2108843537414966,0.19047619047619047,0.2857142857142857,0.3129251700680272,0.050724637681159424,0.036231884057971016,0.043478260869565216,0.06521739130434782,0.08695652173913043,0.07971014492753623,0.11594202898550725,0.043478260869565216,0.050724637681159424,0.12318840579710146,0.06521739130434782,0.043478260869565216,0.007246376811594203,0.08695652173913043,0.057971014492753624,0.043478260869565216
HF986232.1/36165-36304,ATTAATAGAAATATGAAATCTGACGATGGAAGTTAGTGAGAATCTAACACGGTCCCGCCACTGTGATGGCTTTTGCCTAAGTCAGGTCTTTCGCGGATTTCATTACACATGCTGTTTCGAGGTAAGACAGGATGTTGTTT,0.2714285714285714,0.3142857142857143,0.24285714285714285,0.17142857142857143,0.061068702290076333,0.05343511450381679,0.06870229007633588,0.0916030534351145,0.05343511450381679,0.022900763358778626,0.04580152671755725,0.05343511450381679,0.0916030534351145,0.03816793893129771,0.05343511450381679,0.07633587786259542,0.061068702290076333,0.061068702290076333,0.0916030534351145,0.07633587786259542
FRBH01000007.1/297557-297412,ACTTTATTAGAGCTCATTACTTTGGGGAATCGTGTGAAATTCACGAACTGTCGCGCAACTGTAAATCATATATTATGATAAGTCAGATTACCATTCTTGAGTTATTATTCACCTTTTAGCTTTCGCGAAAAAAGCAAAAAAATTAT,0.3356164383561644,0.3424657534246575,0.15753424657534246,0.1643835616438356,0.09022556390977443,0.05263157894736842,0.05263157894736842,0.12030075187969924,0.06015037593984962,0.015037593984962405,0.045112781954887216,0.06015037593984962,0.06015037593984962,0.045112781954887216,0.015037593984962405,0.045112781954887216,0.09774436090225563,0.06766917293233082,0.05263157894736842,0.12030075187969924
MGUA01000023.1/36052-35920,TTTGTATAATTAAGGCGTACAGGCGGAGGAATCCTGCGAGAATCAGGAGCTGCCCCGCAACGGTGATGCCCCGCCCTGGGGATAAGCCCGGTCTACCGCCTGCACGTCGCACCCGGCGCCGGACGGCCTCCTT,0.18796992481203006,0.17293233082706766,0.3082706766917293,0.3308270676691729,0.048,0.048,0.056,0.048,0.04,0.104,0.112,0.056,0.064,0.12,0.096,0.04,0.048,0.04,0.056,0.024
MHCQ01000047.1/12876-13003,AAATTAAATTAATAAGTCAAAAGCTCCGAAGTCTGTGAAACTCAGACACTGTGCCGCAACCGTTAAAGCCGGGTCGCAGGCTTTTGATTTTATCTCATCATCTTTCGCAGCAAAGGAGGTGAAAACTT,0.3203125,0.265625,0.203125,0.2109375,0.11206896551724138,0.04310344827586207,0.07758620689655173,0.0603448275862069,0.07758620689655173,0.034482758620689655,0.05172413793103448,0.06896551724137931,0.05172413793103448,0.06896551724137931,0.034482758620689655,0.0603448275862069,0.04310344827586207,0.08620689655172414,0.05172413793103448,0.07758620689655173
JUEN01000016.1/13774-13917,AATAAAATAAATCTTTTGTCACGGTTCCGAAGTTCGGTTAAATTCCGACACTGTCCCGCAACGGTAAATTCTAAGATAAGCACAGAACAAGTCCGGTCGAGTCCATGGCAAAACGAACATTCTCGAGGTTAGGACAAGTTCGTT,0.3263888888888889,0.25,0.20833333333333334,0.2152777777777778,0.11764705882352941,0.0661764705882353,0.0661764705882353,0.058823529411764705,0.07352941176470588,0.03676470588235294,0.08088235294117647,0.029411764705882353,0.058823529411764705,0.022058823529411766,0.051470588235294115,0.08823529411764706,0.051470588235294115,0.09558823529411764,0.022058823529411766,0.08088235294117647
LCQC01000003.1/29176-29335,AGTTTGTTACTTTAGTTTCTGCTGTGGAAGGCGGTGAAAATCCGCCACTGTGCCGCAACGGTGAGCTCTTTGGCTAAAAGCCATAAGAAAAGTCCGGTCTTCAGCAAGTAATCTTTGACGAGCATCAACCTTGGGAAGGTTAACCCCAACTGATGCTCCC,0.25625,0.2625,0.24375,0.2375,0.10135135135135136,0.0472972972972973,0.07432432432432433,0.033783783783783786,0.05405405405405406,0.060810810810810814,0.04054054054054054,0.08108108108108109,0.05405405405405406,0.07432432432432433,0.05405405405405406,0.07432432432432433,0.04054054054054054,0.060810810810810814,0.08783783783783784,0.060810810810810814
LCAV01000020.1/4597-4751,ACTTATCCACACCTAACTTTTAAGCATGGAAGCGGGGCGCAAATCCCCCACTGTGCCGCAACCGTGAACCCGCGCGCCCAAAAAGCCGCGGCCAGTCGGAACTTTGTTTAAAAGTTACCCACATACACCAACTCCCGAGCAGGAGAAAAGGACAA,0.3096774193548387,0.15483870967741936,0.2129032258064516,0.3225806451612903,0.1079136690647482,0.10071942446043165,0.06474820143884892,0.02877697841726619,0.10071942446043165,0.09352517985611511,0.07913669064748201,0.04316546762589928,0.050359712230215826,0.09352517985611511,0.050359712230215826,0.03597122302158273,0.04316546762589928,0.02877697841726619,0.03597122302158273,0.04316546762589928
MHKO01000056.1/11093-10969,TTTAGAAATTATAATCTTACCAGGGAAATCCGGTGTAATTCCGGTGCTGTGCCGCAACTGTGATTCCGCCCAAGGCGGATAAGCCAGGTCGCTGGTAGGATATTTCTCTTCGAGCAAAGAAACTG,0.264,0.264,0.256,0.216,0.07758620689655173,0.02586206896551724,0.06896551724137931,0.07758620689655173,0.04310344827586207,0.0603448275862069,0.0603448275862069,0.0603448275862069,0.0603448275862069,0.06896551724137931,0.06896551724137931,0.0603448275862069,0.06896551724137931,0.06896551724137931,0.06896551724137931,0.0603448275862069
JUEP01000023.1/4433-4572,CGTACGGTGCAACGATGCAGCGAAGTCCGGTAAAAATCCGGCACTGTCCCGCAACGGTGAAGTCTCCTCGGAGAATAAGTCCGGTCGCCTGGATCAATGCCTCGCACGACGATTCTCGAGGAAGAAGCGTTGTGTGGCAG,0.24285714285714285,0.18571428571428572,0.30714285714285716,0.2642857142857143,0.08088235294117647,0.04411764705882353,0.0661764705882353,0.04411764705882353,0.051470588235294115,0.051470588235294115,0.11764705882352941,0.04411764705882353,0.08088235294117647,0.07352941176470588,0.0661764705882353,0.08823529411764706,0.022058823529411766,0.08823529411764706,0.0661764705882353,0.014705882352941176
KK073874.1/5317853-5317761,CGTGGCGGCGCGAGGAAGCTGGTGGAAGTCCAGCACGGTCGCGCCACTGTGATCCGGTCCCGGGCCGGGGAGTCAGATACTGGTGCCGTCACG,0.15053763440860216,0.15053763440860216,0.40860215053763443,0.2903225806451613,0.02247191011235955,0.0449438202247191,0.06741573033707865,0.02247191011235955,0.056179775280898875,0.06741573033707865,0.1348314606741573,0.033707865168539325,0.06741573033707865,0.10112359550561797,0.12359550561797752,0.10112359550561797,0.011235955056179775,0.06741573033707865,0.07865168539325842,0.0
BAVM01000025.1/37232-37147,GACTCGTGGGGAGGAATTCGGTGCGAATCCGGAGCGGTCCCGCCACTGTGAGCGTCCCAGCACAAGCCAGGTCTATCCCGCAAGTC,0.19767441860465115,0.16279069767441862,0.32558139534883723,0.313953488372093,0.04938271604938271,0.037037037037037035,0.08641975308641975,0.037037037037037035,0.07407407407407407,0.07407407407407407,0.09876543209876543,0.037037037037037035,0.07407407407407407,0.08641975308641975,0.08641975308641975,0.08641975308641975,0.012345679012345678,0.09876543209876543,0.04938271604938271,0.012345679012345678
LIVO01000003.1/628667-628574,GACGAGGGTGTGACGGAAGTCCGGTGAGAATCCGGCACGGTCGCGCCACTGTGAACCCGTACCTGTGCGGGAAGTCAGACCCAGCACCTTCGTC,0.20212765957446807,0.1595744680851064,0.3404255319148936,0.2978723404255319,0.0449438202247191,0.0898876404494382,0.06741573033707865,0.011235955056179775,0.056179775280898875,0.07865168539325842,0.11235955056179775,0.033707865168539325,0.10112359550561797,0.056179775280898875,0.06741573033707865,0.11235955056179775,0.011235955056179775,0.06741573033707865,0.07865168539325842,0.011235955056179775
MGOE01000010.1/38128-38266,ACACAGTCCGACGCGGTACGGTCGCGAAGCCGGTGCGATTCCGGCACAGTCCCGCTACGGTGACCGCCCCTCCGGGGCGGAAGTCCGGTCGCCGACCTGCCGTCGCCGCTCGAGCCTTCGAGAGAAAGGTCAGGCGCAC,0.16546762589928057,0.12949640287769784,0.3381294964028777,0.3669064748201439,0.022388059701492536,0.06716417910447761,0.06716417910447761,0.007462686567164179,0.04477611940298507,0.1044776119402985,0.17164179104477612,0.03731343283582089,0.07462686567164178,0.11194029850746269,0.08208955223880597,0.07462686567164178,0.014925373134328358,0.08208955223880597,0.022388059701492536,0.014925373134328358
FMDF01000153.1/13437-13345,GACGAAGTGTGACGGAAGTCCGGTGAGAATCCGGCACGGTCGCGCCACTGTGAACCCGTACCCGTACGGGAAGTCAGACCCAGCACCTTCGTC,0.22580645161290322,0.15053763440860216,0.3118279569892473,0.3118279569892473,0.056818181818181816,0.10227272727272728,0.06818181818181818,0.011363636363636364,0.056818181818181816,0.07954545454545454,0.125,0.022727272727272728,0.10227272727272728,0.045454545454545456,0.056818181818181816,0.11363636363636363,0.022727272727272728,0.06818181818181818,0.056818181818181816,0.011363636363636364
CP019728.1/367475-367630,AGTACCATTTCAAGACAACTGAGATGAGGAAGTTTGGTTAAATTCCAACACGGTCCCGCCACTGTAATCATATGAAGACATATGGAGTCAGGTCGTTATCTTAGCTTGCTAATCATGCATGCGTATCCTGTTTCGAGGTAAAACAGTATCGTAGTA,0.30128205128205127,0.28846153846153844,0.21794871794871795,0.19230769230769232,0.06711409395973154,0.053691275167785234,0.08053691275167785,0.09395973154362416,0.08053691275167785,0.03355704697986577,0.040268456375838924,0.040268456375838924,0.06040268456375839,0.03355704697986577,0.040268456375838924,0.09395973154362416,0.087248322147651,0.0738255033557047,0.06711409395973154,0.053691275167785234
KE159568.1/1459797-1459655,AGTCAGATAAACTTACAGAGAAGTCGGGTGAAAATCCCGCGCGGTCCCGCCACCGTAATATGTACTGAAATATGCAAAATACATTAAGCCGGTTCGCTGTATCTGTCTGGTACAGATTCACGATCGATGGACTTGTACATACA,0.3076923076923077,0.24475524475524477,0.22377622377622378,0.22377622377622378,0.06666666666666667,0.07407407407407407,0.05185185185185185,0.0962962962962963,0.06666666666666667,0.037037037037037035,0.07407407407407407,0.044444444444444446,0.06666666666666667,0.044444444444444446,0.037037037037037035,0.08148148148148149,0.08888888888888889,0.06666666666666667,0.06666666666666667,0.037037037037037035
JRKN01000025.1/34940-35020,TGCGGGTGAGGAAACCCGGTGCAAATCCGGTGCGGTCGTGCCACTGTAACCGAGCCTTCGGAAGTCAGACCTTCATTCGCA,0.20987654320987653,0.19753086419753085,0.30864197530864196,0.2839506172839506,0.05263157894736842,0.05263157894736842,0.05263157894736842,0.02631578947368421,0.06578947368421052,0.07894736842105263,0.10526315789473684,0.039473684210526314,0.06578947368421052,0.07894736842105263,0.07894736842105263,0.09210526315789473,0.013157894736842105,0.07894736842105263,0.07894736842105263,0.039473684210526314
MFUX01000022.1/3319-3449,AATATAATTCTAACACTGTTATATGGTGGAAATGAGGTTAGATTCCTCTACTGTGCCGCAACGGTAATATCATTTTGTGATTAGTCCGGTCTTCATTTAACAGAGCTTCCGAGCAGGAGAACCCTCTTTTT,0.26717557251908397,0.3435114503816794,0.1984732824427481,0.19083969465648856,0.06451612903225806,0.04838709677419355,0.06451612903225806,0.0967741935483871,0.04838709677419355,0.04032258064516129,0.03225806451612903,0.07258064516129033,0.06451612903225806,0.03225806451612903,0.04838709677419355,0.06451612903225806,0.08870967741935484,0.07258064516129033,0.06451612903225806,0.0967741935483871
CM000920.1/3347009-3347185,CTGCGATGAAAACGGGCCTTTCATGCAAAGGAAGCCGGTGAAAATCCGGTGCGGTCGCGCCACTGTAATGCGGGCATGCATGGCATCATGTCGATGCGCGCACCCTGCCAAGCCAGATACTTTGCATGATATCCTTTCTTCCATCCATCGGGGACGCGATTTCCCCGCAGGAGTCAT,0.22033898305084745,0.22033898305084745,0.2711864406779661,0.288135593220339,0.04878048780487805,0.03048780487804878,0.036585365853658534,0.10365853658536585,0.09146341463414634,0.07317073170731707,0.09146341463414634,0.042682926829268296,0.06097560975609756,0.11585365853658537,0.06097560975609756,0.036585365853658534,0.018292682926829267,0.07317073170731707,0.08536585365853659,0.03048780487804878
JH594436.1/345678-345815,AATTAAATATCACTCACATAAGGGGAAACAGGTCAAATTCCTGTGCGGTCCCGCCACTGTAGTGCATCTATTAAAATGCAAAGCCAGATTGCCTTACGTGAGAGTTTGCATAGAGCGAGAGACTCATTAAGGCAAATG,0.3333333333333333,0.2391304347826087,0.2246376811594203,0.2028985507246377,0.078125,0.046875,0.09375,0.09375,0.09375,0.0390625,0.03125,0.046875,0.0625,0.0703125,0.0390625,0.0546875,0.0703125,0.0546875,0.0703125,0.0546875
MGOO01000017.1/7824-7969,GCACAACTTCATACGCGGGCCGTCAGCGAAGCCGGTGAGAGTCCGGCAGGGTCGCGCCACCGTGATGGAGCACTGACTCCGAACTCGGGTCGCCTGACGTCCCGCTCGCGGCCAAGACACCTTCGCGTGAAAGGGGTCAGGTCAGG,0.1917808219178082,0.14383561643835616,0.3424657534246575,0.3219178082191781,0.03597122302158273,0.07194244604316546,0.07194244604316546,0.014388489208633094,0.07913669064748201,0.07194244604316546,0.12949640287769784,0.050359712230215826,0.07194244604316546,0.10071942446043165,0.07913669064748201,0.07194244604316546,0.007194244604316547,0.08633093525179857,0.04316546762589928,0.014388489208633094
AJWX01000028.1/72000-72084,GCTTGCAGCAGGAAGCCGGTGTGAATCCGGCGCGGTCGCGCCACTGTGATCGGGCCTTGCCCGTCAGCCAGACCTTGCTGCACGC,0.1411764705882353,0.17647058823529413,0.3411764705882353,0.3411764705882353,0.024390243902439025,0.036585365853658534,0.06097560975609756,0.024390243902439025,0.07317073170731707,0.08536585365853659,0.10975609756097561,0.06097560975609756,0.04878048780487805,0.17073170731707318,0.06097560975609756,0.06097560975609756,0.0,0.04878048780487805,0.0975609756097561,0.036585365853658534
MHDG01000004.1/8308-8449,CTTTAACAATACTAATACTTTTCATGGAAGCCTGTGTGAATCAGGCACTGTGCCGCAACTGTGACCCCGATATAGATCGGGGAAGTCAGAGCTTTGAAAGGTGTTTTTAGTCCCGAGCAGGAAACAGACCTTACTGGTGAAT,0.28169014084507044,0.2676056338028169,0.24647887323943662,0.20422535211267606,0.07633587786259542,0.06870229007633588,0.08396946564885496,0.061068702290076333,0.061068702290076333,0.04580152671755725,0.030534351145038167,0.06870229007633588,0.0916030534351145,0.04580152671755725,0.05343511450381679,0.06870229007633588,0.061068702290076333,0.03816793893129771,0.0916030534351145,0.05343511450381679
MGUP01000243.1/1272-1137,TTGCTATAATATTTTTATTCTGGCGGAGGAAGCTGGTGCGAATCCAGAGCTGCCCCGCAACGGTGATGTCCGTCCCTACGGACTAAGCCCGGTCTACCGCCGGAATCGTCGCACCCTGCGAGGGACGGAACTCCTT,0.19852941176470587,0.22794117647058823,0.27941176470588236,0.29411764705882354,0.0546875,0.0546875,0.046875,0.0546875,0.0234375,0.078125,0.1015625,0.078125,0.078125,0.0859375,0.078125,0.046875,0.0546875,0.0625,0.0625,0.0390625
KE159797.1/55428-55564,TTAAAAACATAACACATACAGGCAGCGGGAATCAGGTGCAATTCCTGAGCGATGAGGTCACTGTGTGGGCAATGCCTAAAGCCAGATTACCTGCCTGTATGCAGAATGGGGCTTCCATCCAAAGCGAAACATTCTAC,0.31386861313868614,0.2116788321167883,0.24087591240875914,0.23357664233576642,0.078125,0.0625,0.0703125,0.0859375,0.109375,0.0546875,0.0234375,0.0546875,0.0546875,0.0859375,0.0546875,0.0390625,0.0546875,0.046875,0.0859375,0.0390625
BAGZ01000009.1/33225-33373,GCACTGCCGCGGTTGTCGATCGTTCAGCGAAGCCGGTGAGAATCCGGCGCTGTCCCGCAACGGTGATGCCTGTCACTTCCCGGCAGGCTCAGTCCGGTCGCCTGACGGTCGGCTCACATCGACCCTCGAGGCAAGGGGCCGGGTGACAG,0.15436241610738255,0.174496644295302,0.3422818791946309,0.3288590604026846,0.027972027972027972,0.04895104895104895,0.055944055944055944,0.027972027972027972,0.06993006993006994,0.06993006993006994,0.1258741258741259,0.055944055944055944,0.06293706293706294,0.1048951048951049,0.09090909090909091,0.07692307692307693,0.0,0.0979020979020979,0.06293706293706294,0.02097902097902098
MNYI01000007.1/3334-3470,TATTATAAAGAAATCAGGTAAATAGAGGAAGTCCTGTGAGATTCAGGCACTGTCGCGCAACGGTAATGGAAGGAAAACTTCATAAGTCCGGTCTATTATTTACTTTGATAAGTACCTTCGCAGAAAGGGAAGAAATA,0.36496350364963503,0.25547445255474455,0.23357664233576642,0.145985401459854,0.11023622047244094,0.03937007874015748,0.10236220472440945,0.08661417322834646,0.047244094488188976,0.023622047244094488,0.03937007874015748,0.047244094488188976,0.08661417322834646,0.031496062992125984,0.06299212598425197,0.06299212598425197,0.10236220472440945,0.06299212598425197,0.03937007874015748,0.05511811023622047
CP017039.1/2554341-2554200,GTATCAATTTTACCGATTCGAATCGGGGGAAGCGGGTGTGAATCCCGCACAGTGGCGCTACGGTGACCGGTTATCCGGAAGTCCGATTACCTGTCGAATTGCGATCGAGAATGCTTCTTCGAACCAAAGAAGTCATGCTGTG,0.23943661971830985,0.24647887323943662,0.2887323943661972,0.22535211267605634,0.07407407407407407,0.044444444444444446,0.044444444444444446,0.08148148148148149,0.037037037037037035,0.05185185185185185,0.1037037037037037,0.037037037037037035,0.0962962962962963,0.05185185185185185,0.05185185185185185,0.07407407407407407,0.037037037037037035,0.08148148148148149,0.07407407407407407,0.05925925925925926
FUXI01000001.1/126578-126438,AAAACATAATGAGAGTGAATGTACAATGGAATGAGGTGGAAATCCTCAACGGTCCGTTATCCACAGTAAATAGCACATCGCTAAAGTCTGGTCTTTTGTCCATTCACTAAGTACATAGGAAGATACGCGGTTCCTTTGCTT,0.3191489361702128,0.2765957446808511,0.2127659574468085,0.19148936170212766,0.08955223880597014,0.05970149253731343,0.06716417910447761,0.08955223880597014,0.07462686567164178,0.03731343283582089,0.03731343283582089,0.05223880597014925,0.05970149253731343,0.029850746268656716,0.05223880597014925,0.08208955223880597,0.07462686567164178,0.07462686567164178,0.06716417910447761,0.05223880597014925
CP004354.1/548900-548756,TTCAGCAAGTTTTTATTTTCAGGGGAAGTCCGGTGAGAATCCGGCGCTGACCCGCAACCGTATGGGTGCTGTGTGGCACTGAAGTCGGATTACCTGGAAATATTCTTTGGCTTCAACCGTCGTGGATTACGGTTCTGCAGCCCGT,0.19310344827586207,0.2896551724137931,0.2896551724137931,0.22758620689655173,0.05185185185185185,0.044444444444444446,0.05185185185185185,0.05185185185185185,0.05185185185185185,0.05185185185185185,0.07407407407407407,0.05185185185185185,0.05925925925925926,0.06666666666666667,0.08148148148148149,0.08888888888888889,0.037037037037037035,0.06666666666666667,0.08888888888888889,0.08148148148148149
MKVL01000024.1/26947-27042,TACGGGTTTGGAAGCTGGTGTAAATCCGGCACGGTCGCGCCACTGTGATCGGCTAGCGTTTAGATGCGCTTGCCGAAAGTCAGGTCTTCTCCCGTA,0.17708333333333334,0.2604166666666667,0.3125,0.25,0.033707865168539325,0.033707865168539325,0.056179775280898875,0.033707865168539325,0.033707865168539325,0.0449438202247191,0.11235955056179775,0.06741573033707865,0.0449438202247191,0.10112359550561797,0.07865168539325842,0.10112359550561797,0.056179775280898875,0.07865168539325842,0.07865168539325842,0.0449438202247191
LISW01000001.1/1370131-1370222,GACGAGGGTGTGAAGGAAGTCCGGTGAGAATCCGGCACGGTCGCGCCACTGTGTACCCGCGCACGCGGGAAGTCAGACCCAGCACCTTCGTC,0.20652173913043478,0.14130434782608695,0.34782608695652173,0.30434782608695654,0.04597701149425287,0.08045977011494253,0.08045977011494253,0.011494252873563218,0.06896551724137931,0.06896551724137931,0.12643678160919541,0.022988505747126436,0.09195402298850575,0.08045977011494253,0.06896551724137931,0.10344827586206896,0.011494252873563218,0.06896551724137931,0.05747126436781609,0.011494252873563218
LMSU01000003.1/506778-506633,AACTTTCGCGAGCGTCGTGAAGACGAAGTCCGGTGAGAGTCCGGCACTGTCCCGCAACGGTCAAGCCATCGCACCCTGGTGGACGAGTCCGGTCGAACTTCACGACCTGAACCGCATCACCCTCGAGGACAGGGGTGGGTTCGTCC,0.2054794520547945,0.17123287671232876,0.3082191780821918,0.3150684931506849,0.050359712230215826,0.08633093525179857,0.06474820143884892,0.014388489208633094,0.06474820143884892,0.07194244604316546,0.1223021582733813,0.04316546762589928,0.09352517985611511,0.050359712230215826,0.07194244604316546,0.09352517985611511,0.0,0.10071942446043165,0.050359712230215826,0.02158273381294964
MVIM01000007.1/8790-8667,ATGCTGATGTAATCGACGGGCGAAGGAATCTGGTGAGAATCCAGAACGGTCGCGCCACTGTGAAGTCAGACCCGACGTCCGTCGTCAACACCTGAAGCTGGGACGCGAAATCCCGGGAAGGACC,0.2661290322580645,0.1532258064516129,0.31451612903225806,0.2661290322580645,0.08547008547008547,0.07692307692307693,0.05982905982905983,0.05128205128205128,0.042735042735042736,0.05982905982905983,0.1111111111111111,0.042735042735042736,0.1282051282051282,0.05128205128205128,0.05982905982905983,0.06837606837606838,0.008547008547008548,0.07692307692307693,0.07692307692307693,0.0
MKVF01000018.1/341556-341704,AATTCTATCTTTGTCACGCTTAAGAATGGAATCAGGTGAGAATCCTGAGCTGTCGCGCAACTGTATTGAGAAATTCTCTGAGTCAGGTCTTTTTTTAAGCATAAAAATGCTTTCGCGATCGAAGCTGAAAACTTCTTTTAGGAAGCATG,0.28859060402684567,0.3221476510067114,0.21476510067114093,0.174496644295302,0.10144927536231885,0.021739130434782608,0.07971014492753623,0.07971014492753623,0.043478260869565216,0.007246376811594203,0.043478260869565216,0.09420289855072464,0.08695652173913043,0.06521739130434782,0.028985507246376812,0.043478260869565216,0.043478260869565216,0.09420289855072464,0.07971014492753623,0.08695652173913043
CTEN01000004.1/163972-164119,AATAGATTTTAGTACTTTTAAGAATATGGAAGTTTGGTGCAAATCCAACGCGGTCCCGCCACTGTAATTAGGTCTTACCTTTAAGTCAGGTCTTTATTCTTGAATTTTAGTAGATTTCACGTCTCGATGTAAGGCGATGATGTCATAT,0.2702702702702703,0.36486486486486486,0.20270270270270271,0.16216216216216217,0.07246376811594203,0.036231884057971016,0.07246376811594203,0.10144927536231885,0.043478260869565216,0.028985507246376812,0.043478260869565216,0.050724637681159424,0.057971014492753624,0.028985507246376812,0.043478260869565216,0.08695652173913043,0.10144927536231885,0.07246376811594203,0.057971014492753624,0.10144927536231885
MELR01000010.1/61210-61356,CATTAGGCCCGATGGCGCGACGCCCAGCGAAGTCCGGTGAGAATCCGGCGCTGTCCCGCAACCGTGAAGCCCCCACCGAGGGGACGAGTCGGGTCGCCTGACGTCGGGCCGGATTGGAAGCCTTCGGAGGAAGGGTTGCCAGCCATC,0.1836734693877551,0.1360544217687075,0.36054421768707484,0.3197278911564626,0.043795620437956206,0.0364963503649635,0.08029197080291971,0.0364963503649635,0.043795620437956206,0.10218978102189781,0.13138686131386862,0.021897810218978103,0.10218978102189781,0.10218978102189781,0.0948905109489051,0.058394160583941604,0.0072992700729927005,0.058394160583941604,0.051094890510948905,0.029197080291970802
LT629710.1/1639292-1639438,TACGGTCAGGCTTCGTGTTGTCGCAAGGAAGCCGGTGTGAGTCCGGCACGGTCGCGCCACTGTGAGTGGGTTCCAACCCGCAAGTCAGGTCTTTGACGACTCCACGTGCCCCATCGATCACGGGACGCAGAATCCCGGAAGGAGCTC,0.19047619047619047,0.19047619047619047,0.3197278911564626,0.29931972789115646,0.04285714285714286,0.06428571428571428,0.07142857142857142,0.02142857142857143,0.07857142857142857,0.06428571428571428,0.10714285714285714,0.03571428571428571,0.07142857142857142,0.07142857142857142,0.07857142857142857,0.1,0.007142857142857143,0.09285714285714286,0.06428571428571428,0.02857142857142857
LQOM01000010.1/46318-46408,ATGTGACGACGAGGAAACCGGTGCATATTCCGGTGCGGTCGCGCCACTGTGACCAGCGTTCGACGCTGGAAGTCAGACCTTCTCGTCACAT,0.2087912087912088,0.2087912087912088,0.2967032967032967,0.2857142857142857,0.02247191011235955,0.0898876404494382,0.0449438202247191,0.0449438202247191,0.06741573033707865,0.056179775280898875,0.12359550561797752,0.0449438202247191,0.0898876404494382,0.06741573033707865,0.056179775280898875,0.0898876404494382,0.011235955056179775,0.07865168539325842,0.07865168539325842,0.033707865168539325
AE016830.1/1591208-1591059,AAACGAATATTTTATGAAAAATATGAATGGAAGCCAGTGAGAATCTGGCACGGTCCCGCCACTGTGAAGAAGCAAGGTTGCTTTTAAGTCAGGTCTTTTCATTTTTTCATTATTGGGCATGCTGTTTCGAGGCAAAACAGGATGTTTCTT,0.2866666666666667,0.32,0.23333333333333334,0.16,0.09558823529411764,0.029411764705882353,0.07352941176470588,0.08823529411764706,0.07352941176470588,0.022058823529411766,0.029411764705882353,0.04411764705882353,0.07352941176470588,0.058823529411764705,0.058823529411764705,0.058823529411764705,0.03676470588235294,0.058823529411764705,0.08823529411764706,0.11029411764705882
CP019433.1/1233146-1232994,AATACCATTCAAAGACAACCAAGGTATGGAAGTTTGGTTAAATCCCAATACGGTACCGCCACTGTAATCATACGTCACGTATGGAGTCAGATCTTTATCTTGGATTGCAAATATGCATGCGTTCGCTGTTTCGAGGCAAAGCAGTGTCGTTCG,0.2875816993464052,0.28104575163398693,0.2222222222222222,0.20915032679738563,0.06944444444444445,0.05555555555555555,0.05555555555555555,0.09722222222222222,0.09027777777777778,0.034722222222222224,0.0625,0.027777777777777776,0.041666666666666664,0.04861111111111111,0.04861111111111111,0.09027777777777778,0.06944444444444445,0.0763888888888889,0.06944444444444445,0.0625
FCOK02000024.1/89851-90001,GAAGTAAAATGCGCGCTTACGACCCGTGGAAGCTGGTGCAAATCCAGCACGGTCGCGCCACTGTGACCGGTTGCAGCGCAAACCGGAAGTCAGACCTCGGCGTCGTATACCTCTTTCTGACATTGGGGCGCGCACTCCCCGGGAGACATTC,0.2185430463576159,0.18543046357615894,0.2913907284768212,0.304635761589404,0.04929577464788732,0.07746478873239436,0.04929577464788732,0.035211267605633804,0.07042253521126761,0.06338028169014084,0.11267605633802817,0.056338028169014086,0.06338028169014084,0.1056338028169014,0.06338028169014084,0.06338028169014084,0.028169014084507043,0.06338028169014084,0.06338028169014084,0.035211267605633804
MFJV01000001.1/577995-578120,AAACGTACAATAAGTAGTCAAAAGTTCCGAATCCCGTGAAAATCGGGAACTGTACCGCAACGGTGATAGTCCGGTCGCAGACTTTTGATATTACGCGTATCCTTCGAGTCAAAGGAGATGCAAAAG,0.3333333333333333,0.2222222222222222,0.23809523809523808,0.20634920634920634,0.1111111111111111,0.05982905982905983,0.07692307692307693,0.06837606837606838,0.05128205128205128,0.042735042735042736,0.09401709401709402,0.02564102564102564,0.07692307692307693,0.03418803418803419,0.03418803418803419,0.09401709401709402,0.06837606837606838,0.07692307692307693,0.042735042735042736,0.042735042735042736
KQ969394.1/16782-16934,AATTGATTTTAGTACTTTTAAGGATATGGAAGTTTGGTGCAAATCCAACGCGGTCCCGCCACTGTGATAAGCTTGCTTACAGGCTTTAAGTCAGGTCTTTATTCTTAAATTTTAGTAGATTTCATGCCTCGATGTAAGGTAGTGATGTCAGTT,0.2549019607843137,0.3660130718954248,0.2222222222222222,0.1568627450980392,0.06338028169014084,0.028169014084507043,0.08450704225352113,0.08450704225352113,0.04929577464788732,0.028169014084507043,0.028169014084507043,0.056338028169014086,0.04929577464788732,0.04929577464788732,0.04929577464788732,0.09154929577464789,0.09154929577464789,0.056338028169014086,0.07746478873239436,0.11267605633802817
CP010796.1/1177888-1177748,GCTAAAATTGAATAAGCTATTGAAAACTGGAAGTTGGTGAAAATCCAACACGGTCCCGCCACTGTAAAAAGCAGCCGCTTTGAGTCAGGTCTTTTTTCAATTGCTTTTGAACCGACTGTTTCGAGGCAGAACAGACGGGTG,0.2978723404255319,0.2624113475177305,0.24113475177304963,0.19858156028368795,0.1171875,0.0625,0.0703125,0.0390625,0.0625,0.0390625,0.046875,0.0625,0.078125,0.0625,0.046875,0.0625,0.03125,0.046875,0.0859375,0.0859375
AODH01000044.1/8967-9111,AAACGAAGTAAGTTGACGATGTCAAATGGAAGTTGGTGTAAATCCAACGCGGTCCCGCCACTGTAAGAAGTATGCGTACTTTAAGCCAGGTCTTTTTGCATCGTCACTGTTACGGACTGTTTCGAGGTAAAACAGGATGTTTTTT,0.27586206896551724,0.296551724137931,0.2482758620689655,0.1793103448275862,0.09022556390977443,0.06766917293233082,0.06766917293233082,0.045112781954887216,0.05263157894736842,0.03007518796992481,0.06766917293233082,0.03759398496240601,0.06015037593984962,0.03759398496240601,0.05263157894736842,0.12030075187969924,0.06015037593984962,0.05263157894736842,0.08270676691729323,0.07518796992481203
LBRP01000002.1/32810-32679,TTTTTTAAAATTTAAACCTATGTATTTGGAAGTGAGGTGTGATTCCTCTACTGTGCCGCAACGGTAATGCTCGTAAGAGATAAGTCCGATCTTAATACAACGGTGTTTCCCGAGCAGGAGAAATCTACTATT,0.2878787878787879,0.32575757575757575,0.21212121212121213,0.17424242424242425,0.09016393442622951,0.04918032786885246,0.06557377049180328,0.08196721311475409,0.02459016393442623,0.040983606557377046,0.04918032786885246,0.06557377049180328,0.07377049180327869,0.03278688524590164,0.040983606557377046,0.08196721311475409,0.09836065573770492,0.05737704918032787,0.07377049180327869,0.07377049180327869
CP020612.1/919721-919635,GTCATCGCGGCGGAAGTCCGGTGCAAATCCGGCACGGTCGCGCCACTGTAATCGCCGCTACGGCGAAAGTCAGACCCTCGCGGTGAC,0.19540229885057472,0.14942528735632185,0.3218390804597701,0.3333333333333333,0.04819277108433735,0.060240963855421686,0.03614457831325301,0.03614457831325301,0.060240963855421686,0.060240963855421686,0.1686746987951807,0.03614457831325301,0.04819277108433735,0.12048192771084337,0.08433734939759036,0.08433734939759036,0.024096385542168676,0.0963855421686747,0.03614457831325301,0.0
AHKH01000025.1/37468-37619,GCACAACAGAAGAAGTTATAGGCAATGGAAGTTTGGTGCAAATCCAACGCGGTCCCGCCACTGTGATAGACCGAATTCGCGGTCTTAAGTCAGGTCTTTTGCCTAGTAACTTTGCTGGACCAGTCATTTCGAGGCGAAAGTGGCTGGTTTAC,0.2565789473684211,0.2565789473684211,0.26973684210526316,0.21710526315789475,0.07692307692307693,0.055944055944055944,0.08391608391608392,0.04195804195804196,0.06993006993006994,0.04195804195804196,0.055944055944055944,0.04895104895104895,0.06293706293706294,0.06993006993006994,0.06993006993006994,0.08391608391608392,0.04895104895104895,0.055944055944055944,0.06993006993006994,0.06293706293706294
AMCP01001031.1/14660-14816,TGCAGATATAACCGTGCTGTTGCGGGTTTGGAAGCCGGTGGAAATCCGGCGCGGTCGCGCCACTGTGACCAGCGTGTCGAAAGCTCTTCGTGCTGGAAGTCAGACCCTACCGCACAAGCACTCTTTCGACTGAACGCGTCATTCTGGAGGAATACAT,0.21656050955414013,0.2229299363057325,0.2929936305732484,0.267515923566879,0.05333333333333334,0.06666666666666667,0.05333333333333334,0.04,0.06,0.04666666666666667,0.1,0.06666666666666667,0.07333333333333333,0.09333333333333334,0.06,0.07333333333333333,0.02666666666666667,0.06666666666666667,0.08666666666666667,0.03333333333333333
AP012050.1/2461111-2460967,ACTACATAATATTTCATTTTGAAATGGAATCCAGTGAGAATCTGGAACGGTCCCGCCACTGTATGAGCATTAGCTTAAGTCAGGTCTTTTCTCAAGATGAACTTACAAAATTCTTGTTATTTCGAGGCAAAGTAACAAATTAGCT,0.32413793103448274,0.31724137931034485,0.1793103448275862,0.1793103448275862,0.0962962962962963,0.05185185185185185,0.07407407407407407,0.0962962962962963,0.07407407407407407,0.022222222222222223,0.022222222222222223,0.06666666666666667,0.06666666666666667,0.037037037037037035,0.037037037037037035,0.05185185185185185,0.07407407407407407,0.07407407407407407,0.05925925925925926,0.0962962962962963
CM002273.1/1895670-1895578,GACGACGGGTGGACGGAAGCCGGTGGGAATCCGGCACGGTCGCGCCACTGTGTACCCGCGAGACGCGGGAAGTCAGACCCGCCCCCGGTCGTC,0.17204301075268819,0.10752688172043011,0.3870967741935484,0.3333333333333333,0.03529411764705882,0.09411764705882353,0.047058823529411764,0.011764705882352941,0.03529411764705882,0.08235294117647059,0.17647058823529413,0.011764705882352941,0.10588235294117647,0.08235294117647059,0.10588235294117647,0.09411764705882353,0.011764705882352941,0.058823529411764705,0.047058823529411764,0.0
FWFD01000013.1/164910-165058,CATAGATTAAAATTTTCCTCTCTAAATGGAACTTTGGTGAAAATCCAAGACGGTCCCGCCACTGTAATAAGCATAATGCTTTAAGTCAGGTCTTTTTAGAAAGTTAAAAATTGGTACTTACTGTTTCGTGGTAGAACAGTGGGAGTTAG,0.31543624161073824,0.3221476510067114,0.2080536912751678,0.15436241610738255,0.11194029850746269,0.04477611940298507,0.08208955223880597,0.06716417910447761,0.04477611940298507,0.029850746268656716,0.022388059701492536,0.06716417910447761,0.05223880597014925,0.022388059701492536,0.05223880597014925,0.08955223880597014,0.09701492537313433,0.05970149253731343,0.06716417910447761,0.08955223880597014
KQ033878.1/656948-656800,AGAAATTGAATAGGGCATTTATTGAATGGAAACCAGCGTAATTCTGGTACGGTCCCGCCACTGTGATTAGTCGAAGTGCTATCAGTCAGATCTTTTCAATAGATGACACGTTAAGCATTCTGTCCCGTGGGTTGGTCAGAGTGCTTTTC,0.2550335570469799,0.3087248322147651,0.2483221476510067,0.18791946308724833,0.05755395683453238,0.03597122302158273,0.07913669064748201,0.08633093525179857,0.06474820143884892,0.02877697841726619,0.04316546762589928,0.04316546762589928,0.07194244604316546,0.04316546762589928,0.04316546762589928,0.09352517985611511,0.05755395683453238,0.07913669064748201,0.08633093525179857,0.08633093525179857
JXKH01000002.1/262719-262574,TCAATCAGACTCTATGAAAAATACGGATGGAAGTTAGTGAAAATCTAACACGGTCCCGCCACTGTGATGAGCACAATGCTCTAAGTCAGGTCTTTCCGCTTTTCATTATCGGGCATGCTGTTTCGAGGCTAAACAGGATGTTTCTT,0.273972602739726,0.2945205479452055,0.2191780821917808,0.21232876712328766,0.07407407407407407,0.05185185185185185,0.05925925925925926,0.08148148148148149,0.07407407407407407,0.022222222222222223,0.044444444444444446,0.08148148148148149,0.06666666666666667,0.05185185185185185,0.05185185185185185,0.05925925925925926,0.05185185185185185,0.0962962962962963,0.07407407407407407,0.05925925925925926
MNFM01000098.1/16131-16210,TCCGAAGCGAAGCCGGTGAGATTCCGGCACGGTCCCGCCACCGTGATGCGCATGCGGCGCAGAGTCGGGTCGCCTTCGGA,0.1625,0.15,0.3625,0.325,0.025974025974025976,0.025974025974025976,0.06493506493506493,0.03896103896103896,0.05194805194805195,0.09090909090909091,0.16883116883116883,0.012987012987012988,0.09090909090909091,0.12987012987012986,0.07792207792207792,0.06493506493506493,0.0,0.07792207792207792,0.05194805194805195,0.025974025974025976
DS562854.1/422439-422561,AATTAATATTATAGGAGCAACTTTGGTGAGATTCCAGGACTGTCCCGCAACTGTAATCTATTTTATATAGTAGTCAGGTGTCCTTTTTGATAAAACTTTTCGATGTAAAGAGTTTTATTTTAA,0.3008130081300813,0.3902439024390244,0.17886178861788618,0.13008130081300814,0.08035714285714286,0.03571428571428571,0.08035714285714286,0.10714285714285714,0.03571428571428571,0.026785714285714284,0.017857142857142856,0.05357142857142857,0.0625,0.017857142857142856,0.03571428571428571,0.08035714285714286,0.125,0.05357142857142857,0.0625,0.125
FJNB01000029.1/31527-31682,AAAACCATTCAAAGACACTTGGAATTTGGAAGTTTGGTGAAAATCCAACGCGGTCCCGCCACTGTGATGACGTCATGTGCGTCTTAGTCAGGTCTTTATTCCAAGCTGCTATTTATTGCAAACGAACCGTTTCGAGGTAAAACGGACCCGTTACTT,0.27564102564102566,0.28205128205128205,0.21794871794871795,0.22435897435897437,0.09090909090909091,0.07692307692307693,0.04195804195804196,0.055944055944055944,0.06293706293706294,0.04895104895104895,0.06993006993006994,0.04895104895104895,0.06293706293706294,0.04195804195804196,0.04895104895104895,0.08391608391608392,0.04195804195804196,0.06293706293706294,0.07692307692307693,0.08391608391608392
LDXM01000013.1/37881-37726,AACCAAAGATCAGGACCGCGGGGTCCGCGAAGCCGGTGAGAATCCGGCACAGTCCCGCTACGGTGACCAGCCCCCGACGTGACGTCGGTGGCGCTGGAAGTCCGGTCGCCGGTCCCGCGGTCGTGCTCGAGCCTTCGCGAGAAAGGACAGGCACCA,0.1987179487179487,0.12179487179487179,0.34615384615384615,0.3333333333333333,0.04054054054054054,0.060810810810810814,0.07432432432432433,0.013513513513513514,0.05405405405405406,0.0945945945945946,0.14864864864864866,0.02702702702702703,0.08783783783783784,0.0945945945945946,0.0945945945945946,0.08108108108108109,0.006756756756756757,0.07432432432432433,0.04054054054054054,0.006756756756756757
LCDO01000009.1/4421-4267,ACTTATCCACACCTAACTTTTAAGCATGGAAGCGGGGCGCAAATCCCCCACTGTGCCGCAACCGTGAACCCGCGCGCCCAAAAAGCCGCGGCCAGTCGGAACTTTGTTTAAAAGTTACCCACATACACCAACTCCCGAGCAGGAGAAAAGGACAA,0.3096774193548387,0.15483870967741936,0.2129032258064516,0.3225806451612903,0.1079136690647482,0.10071942446043165,0.06474820143884892,0.02877697841726619,0.10071942446043165,0.09352517985611511,0.07913669064748201,0.04316546762589928,0.050359712230215826,0.09352517985611511,0.050359712230215826,0.03597122302158273,0.04316546762589928,0.02877697841726619,0.03597122302158273,0.04316546762589928
FZOD01000002.1/151535-151628,GTGGCGGTGCGAGGGAAATCCGGTGAAATACCGGTGCGGTCGCGCCACTGTAACCGGCACTTCGGCGCCGGAAGCCAGGTCACTCGACCGCCAC,0.19148936170212766,0.13829787234042554,0.35106382978723405,0.3191489361702128,0.044444444444444446,0.07777777777777778,0.03333333333333333,0.022222222222222223,0.05555555555555555,0.08888888888888889,0.14444444444444443,0.03333333333333333,0.05555555555555555,0.1111111111111111,0.1111111111111111,0.07777777777777778,0.022222222222222223,0.05555555555555555,0.05555555555555555,0.011111111111111112
HE999757.2/476113-476260,GCTTGTTCATGCTATTTTAGAAAAATGGAAGTTTGGTGAAAATCCAACGCGGTCCCGCCACTGTAATAAGCAATGATTGCTTTAAGTCAGGTCTTTTCTTCTAAGATACTCTGGTACTATTGTTTCGAGGCAAAACAATAGGCTTTTG,0.27702702702702703,0.33783783783783783,0.20945945945945946,0.17567567567567569,0.10294117647058823,0.03676470588235294,0.058823529411764705,0.07352941176470588,0.051470588235294115,0.022058823529411766,0.029411764705882353,0.08088235294117647,0.04411764705882353,0.058823529411764705,0.051470588235294115,0.0661764705882353,0.07352941176470588,0.0661764705882353,0.08088235294117647,0.10294117647058823
AZEY01000020.1/221681-221534,AATTGAATAAAAAAACATTTACTAAACGGAAATCGGTGAAAGTCCGATGCGGTCCCGCCACTGTGATTAGCTTTTTAAGCTATTAGTCAGATCTTTTTAGTAAAATGTCTGAACCGCATTCTGTCTCGTGGTATGGATAGGGTGTTTT,0.2905405405405405,0.3310810810810811,0.21621621621621623,0.16216216216216217,0.09090909090909091,0.03787878787878788,0.05303030303030303,0.09090909090909091,0.030303030303030304,0.030303030303030304,0.05303030303030303,0.06060606060606061,0.06060606060606061,0.03787878787878788,0.045454545454545456,0.09090909090909091,0.08333333333333333,0.06818181818181818,0.08333333333333333,0.08333333333333333
LCND01000025.1/7674-7845,TACCTTAAATATAAGCATACTTTCAGGGAAGTGAGGTGACCTCCCCGCTTGGGCGGGGAGCATTCCTCCGCAGTCCCGCTACGGTAATTTCGCCACTGGTGAATAAGCCCGAATACTGAAGTATTGTTTTACCAAGCTACGGCTCTTCGAGAGAAGGAGCGCGGTGGCCGGA,0.23837209302325582,0.23255813953488372,0.27906976744186046,0.25,0.062111801242236024,0.049689440993788817,0.08074534161490683,0.049689440993788817,0.037267080745341616,0.06832298136645963,0.07453416149068323,0.06832298136645963,0.07453416149068323,0.08074534161490683,0.07453416149068323,0.049689440993788817,0.07453416149068323,0.049689440993788817,0.049689440993788817,0.055900621118012424
MWIH01000008.1/226931-227079,GTGCGATGATCGGTGCGCGGTCGTCGTGGAACCCGGTGTGAATCCGGGACGGTCCCGCCACTGTGACCGGCCTCGCGCCGGGAGTCAGAGCTTCGGCGTCCGCCTTGGAACTGCTGGTGACGTGGGCGAGGACACCCACGCTGGCGTTG,0.12751677852348994,0.18120805369127516,0.38926174496644295,0.30201342281879195,0.02112676056338028,0.06338028169014084,0.028169014084507043,0.02112676056338028,0.028169014084507043,0.07042253521126761,0.14788732394366197,0.04929577464788732,0.08450704225352113,0.09859154929577464,0.09859154929577464,0.09859154929577464,0.0,0.06338028169014084,0.1056338028169014,0.02112676056338028
AZFF01000005.1/37089-36940,AATTGAATAGAAGCGCTTACTAAATGGAAGTCCGGTGAGAATCCGGCACGGTCCCGCCACTGTGATTAGTGTTTAGTACTATAAGCCAGGTCTTTTTAGTAGGATGCTTGGGCGGGTACGCTATCTCGTGGAGTAGGTAGGGTATCCATA,0.24666666666666667,0.28,0.29333333333333333,0.18,0.04964539007092199,0.03546099290780142,0.09219858156028368,0.07092198581560284,0.028368794326241134,0.0425531914893617,0.05673758865248227,0.05673758865248227,0.05673758865248227,0.05673758865248227,0.07801418439716312,0.09929078014184398,0.11347517730496454,0.04964539007092199,0.06382978723404255,0.04964539007092199
MFRA01000001.1/243484-243602,ATTTAATTATATATCTGTGGAAGTGAGGTTTGATTCCTCCACTGTGCCGCAACGGTAAACCCATGCAATTGGCTTGGGAAGTCCGATCTTCAGATATAGGCCCTATAAACATAGGGTTC,0.2689075630252101,0.3025210084033613,0.226890756302521,0.20168067226890757,0.06363636363636363,0.03636363636363636,0.05454545454545454,0.11818181818181818,0.05454545454545454,0.05454545454545454,0.02727272727272727,0.05454545454545454,0.05454545454545454,0.045454545454545456,0.06363636363636363,0.06363636363636363,0.09090909090909091,0.06363636363636363,0.08181818181818182,0.07272727272727272
DS544185.1/243122-242978,TCTTAAAAATATATGAAGCTTCAGATGAGGAAACGAGTGGGAATCTCGTACGGTCACGCCACTGTGTAGCGGTTATACCGCAAAGTCAGGTCGTCATCTGGAGTCATATCCATCGTTTGAGCTTCGAGGGAAAGGGAGATGGATG,0.2827586206896552,0.2482758620689655,0.2896551724137931,0.1793103448275862,0.05185185185185185,0.037037037037037035,0.08888888888888889,0.08888888888888889,0.05925925925925926,0.022222222222222223,0.06666666666666667,0.044444444444444446,0.0962962962962963,0.037037037037037035,0.06666666666666667,0.08148148148148149,0.05925925925925926,0.0962962962962963,0.06666666666666667,0.037037037037037035
LMGJ01000012.1/546662-546575,GGTTACGGGTTTGGAAGCTGGTGGGAATCCAGCACGGTCGCGCCACTGTGATCGGCAGATGCCGAGAGTCAGGACTTTTCCCGTTGCC,0.17045454545454544,0.22727272727272727,0.3522727272727273,0.25,0.024390243902439025,0.04878048780487805,0.07317073170731707,0.036585365853658534,0.06097560975609756,0.06097560975609756,0.08536585365853659,0.036585365853658534,0.08536585365853659,0.08536585365853659,0.0975609756097561,0.08536585365853659,0.012195121951219513,0.06097560975609756,0.08536585365853659,0.06097560975609756
MEFT01000001.1/4871-5006,ATAACTGAATATGCGCTTTGCAGGGGAATCGGGTGAAAATCCCGAACGATGTGGTCACTGTAAAAGGCTTTTGCCTTAAGTCAGGTTACCTGCACTGCGTGGGAACGGGCTTCCGTACAAAGCCGAACATTCCGCT,0.25735294117647056,0.2426470588235294,0.27205882352941174,0.22794117647058823,0.096,0.064,0.04,0.056,0.048,0.048,0.072,0.072,0.056,0.08,0.064,0.064,0.048,0.048,0.088,0.056
MGOO01000017.1/4963-5106,GCCTAATTGAAGACGCGGGCCATCAGCGAAGCCGGTGAGACTCCGGCACGGTCTGGCCACCGTATCGGGAGAGATCCCAAAGTCGGGTCGCCTGATGTCCCGCTCGCGGCCGAAACGCCTTCCGAAGAGAGGTGGACGTCCAGG,0.20833333333333334,0.14583333333333334,0.3402777777777778,0.3055555555555556,0.04411764705882353,0.04411764705882353,0.08088235294117647,0.03676470588235294,0.04411764705882353,0.09558823529411764,0.125,0.04411764705882353,0.10294117647058823,0.08823529411764706,0.08088235294117647,0.058823529411764705,0.014705882352941176,0.08088235294117647,0.04411764705882353,0.014705882352941176
NIBQ01000002.1/1213999-1214141,AATTGAATATGTATTGATTTAGATGGAAGTTTGGTTAGATTCCAATACGGTCCCGCCACTGTAATGAGCAGCTATGCTATAAGTCAGGTCTTTCTGTTTCAATACCCCGTACTATTGTTTCGAGGCAAGACAATAGGGCACAT,0.27972027972027974,0.32167832167832167,0.21678321678321677,0.18181818181818182,0.06716417910447761,0.04477611940298507,0.07462686567164178,0.11194029850746269,0.06716417910447761,0.03731343283582089,0.029850746268656716,0.04477611940298507,0.05970149253731343,0.04477611940298507,0.04477611940298507,0.07462686567164178,0.09701492537313433,0.05223880597014925,0.07462686567164178,0.07462686567164178
MHRK01000019.1/37439-37590,TGAGCATAGAATAAGTTTGTTGCTTGTGGAAGTAGGGTTCAATTCCCTCACTGTGCCGCAACGGTAAATGTCGTCTCTTTGGCGATTTAGTCCGGTCTTCAAGTGATAAGTTCTAATCAACGAATCCATACGAATCTTAGCGAATAGTTTTA,0.2631578947368421,0.32894736842105265,0.2236842105263158,0.18421052631578946,0.09027777777777778,0.027777777777777776,0.06944444444444445,0.0763888888888889,0.04861111111111111,0.027777777777777776,0.05555555555555555,0.05555555555555555,0.05555555555555555,0.041666666666666664,0.034722222222222224,0.09722222222222222,0.0763888888888889,0.09027777777777778,0.06944444444444445,0.08333333333333333
MFHG01000022.1/5310-5169,GTTTGTAGATTACTAACGTAGGTTGGGGAAGCAGGTGTAAATCCTGCGCAGTGCCGCTACGGTGATTCGTTCTTCGAACGATAAGTCCGATGGCCAACCCTGCATTGTTTATCTTTTATCACCCTCGAGCAAGGGAAAGCCG,0.2323943661971831,0.2746478873239437,0.2676056338028169,0.22535211267605634,0.06060606060606061,0.045454545454545456,0.06818181818181818,0.06060606060606061,0.045454545454545456,0.05303030303030303,0.07575757575757576,0.05303030303030303,0.06060606060606061,0.06818181818181818,0.05303030303030303,0.08333333333333333,0.06818181818181818,0.06060606060606061,0.06818181818181818,0.07575757575757576
FUKX01000049.1/177720-177571,AAACGAATATTTTATGAAAAATATGAATGGAAGCCAGTGAGAATCTGGCACGGTCCCGCCACTGTGAAGAAGCAAGGTTGCTTTTAAGTCAGGTCTTTTCATTTTTTCATTATTGGGCATGCTGTTTCGAGGCAAAACAGGATGTTTCTT,0.2866666666666667,0.32,0.23333333333333334,0.16,0.09558823529411764,0.029411764705882353,0.07352941176470588,0.08823529411764706,0.07352941176470588,0.022058823529411766,0.029411764705882353,0.04411764705882353,0.07352941176470588,0.058823529411764705,0.058823529411764705,0.058823529411764705,0.03676470588235294,0.058823529411764705,0.08823529411764706,0.11029411764705882
MGUV01000019.1/710-845,TTGCTATAATATTTTTATTCTGGCGGAGGAAGCTGGTGCGAATCCAGAGCTGCCCCGCAACGGTGATGTCCGTCCCTACGGACTAAGCCCGGTCTACCGCCGGAATCGTCGCACCCTGCGAGGGACGGAACTCCTT,0.19852941176470587,0.22794117647058823,0.27941176470588236,0.29411764705882354,0.0546875,0.0546875,0.046875,0.0546875,0.0234375,0.078125,0.1015625,0.078125,0.078125,0.0859375,0.078125,0.046875,0.0546875,0.0625,0.0625,0.0390625
CP007806.1/3062533-3062381,TGTAAATAATAATAGTTTTAGGTAATGGAAGTTTGGTGCAAATCCAACGCGGTCCCGCCACTGTGATAGACTGTTTTCCGGTCTTAAGTCAGGTCTTTTACCTAAAAACTACTGAAAGGCTAACCATTTCGAGGCGAAAGTGGTTAGTCCATG,0.2875816993464052,0.3006535947712418,0.22875816993464052,0.1830065359477124,0.09285714285714286,0.05,0.07142857142857142,0.05714285714285714,0.04285714285714286,0.05,0.04285714285714286,0.05714285714285714,0.04285714285714286,0.03571428571428571,0.06428571428571428,0.1,0.09285714285714286,0.05714285714285714,0.07142857142857142,0.07142857142857142
MGUD01000001.1/18918-19062,TTTGTATAATTAAAATGTTCTGGCGGAGGAATCCGGTTAAATTCCGGAGCTGCCCCGCAACGGTGAAGTTCCCGCGCTATCATGCGCGTGGGCTAAGCCCGGTCTACCGCCGGAACTGTCGCAGCCTGCGAGGGACGGCCTTTTT,0.19310344827586207,0.2413793103448276,0.296551724137931,0.2689655172413793,0.06716417910447761,0.029850746268656716,0.04477611940298507,0.05223880597014925,0.022388059701492536,0.07462686567164178,0.11194029850746269,0.05970149253731343,0.05223880597014925,0.11194029850746269,0.08208955223880597,0.05970149253731343,0.05223880597014925,0.05223880597014925,0.06716417910447761,0.05970149253731343
AHOO02000005.1/714272-714146,AATTACGCTTTCAGGGAGGAAGTCGGGTGAAAATCCCGCGCTGACCCGCAACTGTGATGTCCGTCTATACGGAATAAGCCAGATCTTCCCCGCGATACTTAGACCTCGAGGTTGGGGGGTATCGTAA,0.2440944881889764,0.2283464566929134,0.28346456692913385,0.2440944881889764,0.06837606837606838,0.05128205128205128,0.05982905982905983,0.06837606837606838,0.02564102564102564,0.05982905982905983,0.09401709401709402,0.05982905982905983,0.08547008547008547,0.05128205128205128,0.06837606837606838,0.06837606837606838,0.06837606837606838,0.07692307692307693,0.05128205128205128,0.042735042735042736
NGKX01000001.1/1428270-1428128,AATTGAATATGTATTGATTTAGATGGAAATTTGGTTAGATTCCAATACGGTCCCGCCACTGTAACGAGCAGCAATGCTATAAGTCAGGTCTTTCTATTTTAGTACCCCGTACTATTGTTTCGAGGCAAAGCAATAGGGCACAT,0.2937062937062937,0.3146853146853147,0.2097902097902098,0.18181818181818182,0.06818181818181818,0.045454545454545456,0.07575757575757576,0.11363636363636363,0.06818181818181818,0.03787878787878788,0.03787878787878788,0.03787878787878788,0.05303030303030303,0.05303030303030303,0.045454545454545456,0.06818181818181818,0.10606060606060606,0.045454545454545456,0.06060606060606061,0.08333333333333333
JXLB01000007.1/98552-98697,TCATGTATACTAAATTAAATGTTTTTAGGAATTCAGTGAAAATCTGAAACGGTCCCGCCACTGTGAGAGAATTCATTTCTCGTAGTCAGATACTAGACATTTAATGGTTCGGTTTCCTTACTTCGAGGCAAAGTAAGGGACTTTTA,0.3013698630136986,0.3356164383561644,0.19863013698630136,0.1643835616438356,0.07575757575757576,0.05303030303030303,0.07575757575757576,0.08333333333333333,0.05303030303030303,0.022727272727272728,0.03787878787878788,0.06060606060606061,0.07575757575757576,0.015151515151515152,0.045454545454545456,0.07575757575757576,0.09090909090909091,0.08333333333333333,0.05303030303030303,0.09848484848484848
MKKE01000025.1/10579-10487,CGTGGTCGCCGTGGAACCCGGTGCGAATCCGGGACGGTCCCGCCACTGTGACCGGCCGTTTCCCGGCCGGGAGTCAGAGCTTCGGCGGCCGCG,0.10752688172043011,0.15053763440860216,0.3870967741935484,0.3548387096774194,0.023255813953488372,0.046511627906976744,0.03488372093023256,0.011627906976744186,0.023255813953488372,0.11627906976744186,0.18604651162790697,0.023255813953488372,0.06976744186046512,0.10465116279069768,0.11627906976744186,0.09302325581395349,0.0,0.06976744186046512,0.05813953488372093,0.023255813953488372
CP002455.1/2038889-2039035,AATTGTATTTTTGCCCAGCTTAAAATGGAATCAGGTGGGAATCCTGAACTGTCGCGCAACTGTGATGAATTTTTCTTCTAAGTCAGGTCTTTTTTAAGTATTAAATGCTTTCGCGATTGAGGCTAAACCTTCATTCATCGAAGCATG,0.2653061224489796,0.35374149659863946,0.20408163265306123,0.17687074829931973,0.09701492537313433,0.022388059701492536,0.05223880597014925,0.09701492537313433,0.05223880597014925,0.022388059701492536,0.03731343283582089,0.07462686567164178,0.05970149253731343,0.05970149253731343,0.03731343283582089,0.05223880597014925,0.05223880597014925,0.08208955223880597,0.08955223880597014,0.11194029850746269
LAZU01000040.1/24475-24628,GCACAATAGAAAAAGTTATAGGCAATGGAAGTTTGGTGCAAATCCAACGCGGTCCCGCCACTGTGATAGATCGATCATGATCGGTCTTAAGTCAGGTCTTTTGCCTAGAAACTTTGTCTGGCCAGTCATTTCGAGGCGAAAGTGACTGGTTTAC,0.2727272727272727,0.2727272727272727,0.2532467532467532,0.2012987012987013,0.07042253521126761,0.04225352112676056,0.07746478873239436,0.07042253521126761,0.07042253521126761,0.035211267605633804,0.04929577464788732,0.04929577464788732,0.07042253521126761,0.056338028169014086,0.06338028169014084,0.08450704225352113,0.04929577464788732,0.07746478873239436,0.07746478873239436,0.056338028169014086
MKIR01000004.1/31109-30964,CATAACTAAAAAACATTATTTATAAATGGAAGTTTGGTGAAAATCCAACGCGGTCCCGCCACTGTGAAAAGCGAAAGCTTAAAGTCAGGTCTTTTTATTAATAATGCTGTGTGCTACTGTTTCGTGGTCAAAGCAGTAGGACTCAT,0.3287671232876712,0.2945205479452055,0.2054794520547945,0.17123287671232876,0.12213740458015267,0.04580152671755725,0.061068702290076333,0.07633587786259542,0.061068702290076333,0.022900763358778626,0.03816793893129771,0.061068702290076333,0.03816793893129771,0.05343511450381679,0.04580152671755725,0.0916030534351145,0.08396946564885496,0.05343511450381679,0.08396946564885496,0.061068702290076333
FQUF01000008.1/22285-22438,AAGAACCATTCAAAGACAACTAAGGTATGGAAGTTTGGTTAAATTCCAACGCGGTCCCGCCACTGTAATCATGCATGAAGCATGGAGCCAGATCTTTACTTAGTTTGCTAATAATGCATATGGGCTGTTTCGAGGTCAAGCAGCTACATGGAGA,0.3116883116883117,0.2597402597402597,0.23376623376623376,0.19480519480519481,0.0896551724137931,0.04827586206896552,0.08275862068965517,0.0896551724137931,0.0896551724137931,0.034482758620689655,0.027586206896551724,0.04827586206896552,0.06206896551724138,0.06896551724137931,0.05517241379310345,0.05517241379310345,0.06896551724137931,0.04827586206896552,0.07586206896551724,0.05517241379310345
MHBF01000077.1/37693-37836,AAAATTAAAAGATAATTTGCTTTATAGAGAATTTCCGTGTAAACCGGAAGCGGTCGCGCCACTGTGAATGGGACAGTCCCATGAGCCAGACCTCTGTTAAGCTGATTGCGGTATGTCTCCGCGCAAGGGACGAACGTGACAGTG,0.2847222222222222,0.2361111111111111,0.2708333333333333,0.20833333333333334,0.08955223880597014,0.05223880597014925,0.07462686567164178,0.06716417910447761,0.04477611940298507,0.05223880597014925,0.07462686567164178,0.04477611940298507,0.08955223880597014,0.06716417910447761,0.03731343283582089,0.07462686567164178,0.05223880597014925,0.04477611940298507,0.08955223880597014,0.04477611940298507
FQVU01000004.1/398186-398276,CTGCGGTGTGGGAACTCCGGTGAGAATCCGGGACGGTCGCGCCACTGTGAGTCCCGTGCAGGTACGGGGCGAGTCAGGTCGCACGCCGCAG,0.15384615384615385,0.15384615384615385,0.4065934065934066,0.2857142857142857,0.023255813953488372,0.05813953488372093,0.06976744186046512,0.011627906976744186,0.05813953488372093,0.05813953488372093,0.13953488372093023,0.03488372093023256,0.06976744186046512,0.09302325581395349,0.10465116279069768,0.11627906976744186,0.011627906976744186,0.06976744186046512,0.08139534883720931,0.0
MELP01000008.1/8192-8048,CAGCCACGACTGTGGTCCGCCGTCCAGCGAAGTCCGGTGTGAATCCGGCGCTGTCCCGCAACCGTGAAGCCCCGCAAGGGGACGAGTCGGGTCGCCTGACGACGGGTCGGTTTGGAGGCCTTCGGAGGAAGGGTCGCCCGCCACC,0.15862068965517243,0.14482758620689656,0.36551724137931035,0.3310344827586207,0.04411764705882353,0.051470588235294115,0.0661764705882353,0.007352941176470588,0.04411764705882353,0.11029411764705882,0.13970588235294118,0.029411764705882353,0.08088235294117647,0.08823529411764706,0.09558823529411764,0.09558823529411764,0.0,0.07352941176470588,0.058823529411764705,0.014705882352941176
CP016435.1/777846-777692,CGCGTAGAATAGTGGCACTGCGAAGCTCGGAAGCCGGTGAAAGCCCGGCGCGGTCGCGCCACTGTAATTGGCCTTTACTGCCAAAAGCCAGACCTGAGCTTGGCGCACTTCCTCTGTAATCGACTATCGGGGCGCGTTACCCCAGGAGATGTCCG,0.2064516129032258,0.1935483870967742,0.3032258064516129,0.2967741935483871,0.05405405405405406,0.0472972972972973,0.06756756756756757,0.033783783783783786,0.04054054054054054,0.07432432432432433,0.10810810810810811,0.07432432432432433,0.060810810810810814,0.12162162162162163,0.06756756756756757,0.05405405405405406,0.0472972972972973,0.0472972972972973,0.06756756756756757,0.033783783783783786
MGUR01000069.1/168-315,GCTCTTTCAAATGAGGCTGTTAAAGGAACCCGGTGTGAGTCCGGGGCTGCCCCGCAACGGTAATTGGCAAAAGCCATAAGTCCGGTCGATTGGCGGCCTCCATCCGTTGTTTTAATCCTTCGCGGGAAGGGCGCTAGTGAAAGTATAG,0.22297297297297297,0.23648648648648649,0.30405405405405406,0.23648648648648649,0.08088235294117647,0.014705882352941176,0.0661764705882353,0.051470588235294115,0.03676470588235294,0.07352941176470588,0.08088235294117647,0.051470588235294115,0.04411764705882353,0.08823529411764706,0.08823529411764706,0.08088235294117647,0.051470588235294115,0.0661764705882353,0.0661764705882353,0.058823529411764705
FXBB01000025.1/21196-21332,TAAGACACGAAAAGCCTCGATTCTCTCGGAAGACCGGTGCAATTCCGGCGCGGACCCGCCACTGTGAACTCCATCCTGGAGTGAGCCAGATCTGGGGAAACGAGGCTGATTAAAGACCTGCGAGGTTCAGGCGTCTG,0.24817518248175183,0.18248175182481752,0.29927007299270075,0.27007299270072993,0.061068702290076333,0.061068702290076333,0.07633587786259542,0.03816793893129771,0.04580152671755725,0.06870229007633588,0.08396946564885496,0.07633587786259542,0.11450381679389313,0.06870229007633588,0.07633587786259542,0.03816793893129771,0.015267175572519083,0.07633587786259542,0.06870229007633588,0.030534351145038167
JTIY01000001.1/6234081-6233986,GACGAGGGTGTGACGGAAGTCCGGTGAGAATCCGGCACGGTCGCGCCACTGTGGACCCGCGGTTCGCCGCGGGAAGTCAGACCCGGCACCTTCGTC,0.16666666666666666,0.14583333333333334,0.375,0.3125,0.03296703296703297,0.07692307692307693,0.054945054945054944,0.01098901098901099,0.04395604395604396,0.07692307692307693,0.15384615384615385,0.02197802197802198,0.0989010989010989,0.07692307692307693,0.0989010989010989,0.0989010989010989,0.0,0.07692307692307693,0.054945054945054944,0.02197802197802198
AWSN01000001.1/638215-638366,TTTTACAATTTAATATTTATTGTGTTTGGAAGTGAGGTTTGATCCCTCCACTGTGCCGCAACGGTAATATCCTGACTTATGTCTGGGTGAGTCCGATCTTAACACAATAATTGTTTTCCCGAGCAGGATAAAGAATTTATTTTTCTTTGAAT,0.2565789473684211,0.3881578947368421,0.19078947368421054,0.16447368421052633,0.08029197080291971,0.043795620437956206,0.043795620437956206,0.10948905109489052,0.043795620437956206,0.043795620437956206,0.029197080291970802,0.051094890510948905,0.072992700729927,0.021897810218978103,0.0364963503649635,0.072992700729927,0.08029197080291971,0.058394160583941604,0.0948905109489051,0.11678832116788321
CSXB01000004.1/162441-162590,AAACGAATATTTTATGAAAAATATGAATGGAAGCCAGTGAGAATCTGGCACGGTCCCGCCACTGTGAAGAAGCAAGGTTGCTTTTAAGTCAGGTCTTTTCATTTTTTCATTATTGGGCATGCTGTTTCGAGGCAAAACAGGATGTTTCTT,0.2866666666666667,0.32,0.23333333333333334,0.16,0.09558823529411764,0.029411764705882353,0.07352941176470588,0.08823529411764706,0.07352941176470588,0.022058823529411766,0.029411764705882353,0.04411764705882353,0.07352941176470588,0.058823529411764705,0.058823529411764705,0.058823529411764705,0.03676470588235294,0.058823529411764705,0.08823529411764706,0.11029411764705882
CP010976.1/2609893-2609742,ACCACAATACAAAAGTTTCAGGTAATGGAAGTTTGGTGCAAATCCAACGCGGTCCCGCCACTGTGATAGACTGGATGTTCAGTCTTAAGTCAGGTCATTTTCCTGGAAACTTTGAAAAACCAACCATTTCGAGGCGAAAGTGGCTGGTTTAC,0.29605263157894735,0.2631578947368421,0.23026315789473684,0.21052631578947367,0.09420289855072464,0.07246376811594203,0.06521739130434782,0.050724637681159424,0.08695652173913043,0.050724637681159424,0.036231884057971016,0.043478260869565216,0.057971014492753624,0.036231884057971016,0.07246376811594203,0.08695652173913043,0.036231884057971016,0.06521739130434782,0.07971014492753623,0.06521739130434782
KQ130436.1/276386-276302,TCAGGAAGAAGAAGCCGGTGAGATTCCGGCGCGGTCGCGCCACTGTTATCGACGTACAAGGTCGAGAGCCAGACCTTCTTCCTGA,0.23529411764705882,0.18823529411764706,0.3058823529411765,0.27058823529411763,0.047619047619047616,0.047619047619047616,0.10714285714285714,0.023809523809523808,0.047619047619047616,0.07142857142857142,0.10714285714285714,0.047619047619047616,0.11904761904761904,0.07142857142857142,0.05952380952380952,0.05952380952380952,0.023809523809523808,0.08333333333333333,0.03571428571428571,0.047619047619047616
LCIC01000026.1/14644-14496,TTTCAATTGACAAATAGAGCAGTCCAAGGAACGCGGTTTAAATCCGCGGCTGTGCCGCAACTGTGATTTCCGACTAGTTTTGGAATAAGCCAGGTCTATGGACTCGCTTGTAATACTTCTCTTCGAGCAGAGAGACATTTAAGAAATTT,0.28187919463087246,0.28859060402684567,0.22818791946308725,0.20134228187919462,0.07913669064748201,0.050359712230215826,0.08633093525179857,0.06474820143884892,0.05755395683453238,0.03597122302158273,0.05755395683453238,0.06474820143884892,0.08633093525179857,0.06474820143884892,0.04316546762589928,0.050359712230215826,0.05755395683453238,0.06474820143884892,0.05755395683453238,0.07913669064748201
AODI01000033.1/26047-25900,ACACGATTATAGTATTTTAGAATAATGGAAGTTTGGTGAAAATCCAACACGGTCCCGCCACTGTAATAAGCAAAGAGTGCTTTAAGTCAGGTCTTTTATCTAAATTAAACTGGTACTGTTGTTTCGAGGCAAAAACAATAGTCGCTTA,0.33783783783783783,0.30405405405405406,0.19594594594594594,0.16216216216216217,0.1111111111111111,0.05925925925925926,0.07407407407407407,0.07407407407407407,0.05925925925925926,0.022222222222222223,0.037037037037037035,0.05185185185185185,0.044444444444444446,0.037037037037037035,0.044444444444444446,0.08888888888888889,0.1037037037037037,0.05185185185185185,0.05925925925925926,0.08148148148148149
MIJY01000001.1/555376-555522,AGAAATTGAATAAGTATTAATTTAGATGGAAGTTTGGTTAGATTCCAATACGGTCCCGCCACTGTAATGAGCAGCTATGCTATGAGTCAGGTCTTTCTATTTTGATGCTCCCGTACTATTGTTTCGAGGCAAAACAATAGGGCACAT,0.2925170068027211,0.3197278911564626,0.21768707482993196,0.17006802721088435,0.07352941176470588,0.03676470588235294,0.08088235294117647,0.11029411764705882,0.058823529411764705,0.029411764705882353,0.029411764705882353,0.051470588235294115,0.0661764705882353,0.051470588235294115,0.04411764705882353,0.0661764705882353,0.09558823529411764,0.051470588235294115,0.07352941176470588,0.08088235294117647
CM000913.1/2402160-2402025,ACTACTGCACAGCAGGGCGGCGGGACCCAGGAAGCCGGTGTGACTCCGGCACGGTCCCGCCACTGTGACCCGGGCCCCGGCCCGGCAGTCAGGAACTGACCCGCCGCCCTTCTCCCATCACAGGGGACGTGGAAAT,0.18382352941176472,0.11764705882352941,0.3235294117647059,0.375,0.02459016393442623,0.09836065573770492,0.05737704918032787,0.01639344262295082,0.09016393442622951,0.10655737704918032,0.09836065573770492,0.05737704918032787,0.06557377049180328,0.09836065573770492,0.11475409836065574,0.04918032786885246,0.00819672131147541,0.04918032786885246,0.05737704918032787,0.00819672131147541
FPJO01000025.1/45452-45532,AGGGGAGGAAGTCCGGTGCGATTCCGGCACGGTCCCGCCACTGTGAGCCCGGCCACGGCCTGGCAAGTCAGGAACTCCCTT,0.1728395061728395,0.14814814814814814,0.345679012345679,0.3333333333333333,0.039473684210526314,0.05263157894736842,0.07894736842105263,0.013157894736842105,0.06578947368421052,0.10526315789473684,0.09210526315789473,0.05263157894736842,0.06578947368421052,0.09210526315789473,0.13157894736842105,0.06578947368421052,0.0,0.06578947368421052,0.05263157894736842,0.02631578947368421
JZRA01000038.1/11822-11675,CACAGCTGAGTGCGTCTTCTGAAGTGAGGGAAGTCCGGTGCAAGTCCGGCGCTGTCCCGCAACGGTAACGGCATCATCCGCCGAAGCCCGATAACTCACCTGAAGACTTGCTTGATCGTGTCCTTCGTGGAGAAAGGGTACAAGCATA,0.23648648648648649,0.20270270270270271,0.2905405405405405,0.2702702702702703,0.07042253521126761,0.04929577464788732,0.07746478873239436,0.035211267605633804,0.06338028169014084,0.056338028169014086,0.08450704225352113,0.06338028169014084,0.07746478873239436,0.07746478873239436,0.04929577464788732,0.08450704225352113,0.028169014084507043,0.07746478873239436,0.07746478873239436,0.028169014084507043
LT840184.1/1886302-1886453,ACACAATAGAAAAAGTTATAGGTAATGGAAGTTTGGTGAAAATCCAACGCGGTCCCGCCACTGTGATAGATCGAATGTTCGATCTTAAGTCAGGTCGTTTGCCTAGTAACTTTGTCTGGCCAGTCATTTCGAGGCGAAAGTGACTGGTTTAC,0.28289473684210525,0.28289473684210525,0.25,0.18421052631578946,0.0851063829787234,0.04964539007092199,0.07801418439716312,0.06382978723404255,0.04964539007092199,0.03546099290780142,0.05673758865248227,0.0425531914893617,0.07092198581560284,0.03546099290780142,0.05673758865248227,0.10638297872340426,0.06382978723404255,0.07092198581560284,0.07801418439716312,0.05673758865248227
LCPA01000010.1/13316-13477,TAACAAATTGATTGTCGGATTAGGTAAGGAAGCTGGTGTAAATCCAGCTCTGTGCCGCAACCGTATAGAACGTTAGAGCTAGTACTCTAGCGGGCGAAGACGGGAACTTACTTTTTCTTTGACTTTTACACTAGCTCTCCGAGACAGAGGGCGAAGGGGTTT,0.2654320987654321,0.2716049382716049,0.2716049382716049,0.19135802469135801,0.06666666666666667,0.07333333333333333,0.1,0.03333333333333333,0.03333333333333333,0.02666666666666667,0.06,0.08666666666666667,0.08666666666666667,0.06,0.06,0.06,0.08666666666666667,0.04666666666666667,0.04666666666666667,0.07333333333333333
LCDC01000001.1/2288-2430,TTTGAAAAATAAAAATCTTGTTCGTGGAAATGGGGTTTAATTCCTCTACTGTGCCGCAACGGTAAAGATTCACTTTTAGTGGATACGAGTCCGGTCTTCGAATAAGATTCGTTTCCCGAGCAGGAAGAAGTTTTTTGGTCATC,0.2727272727272727,0.32867132867132864,0.23076923076923078,0.16783216783216784,0.09375,0.03125,0.0625,0.0703125,0.03125,0.03125,0.0625,0.046875,0.078125,0.0234375,0.0625,0.0859375,0.0546875,0.09375,0.0625,0.109375
JNVU01000025.1/181914-181773,AGACTCCGAGCAACCGCCAGCGACAAGCGAAATCCGGTGCGAATCCGGTACTGTGCCGCAACTGTGATGGCCCGGTCGGGTCGAGTCAGGTCGCCTTGCGCTGGCGCAGATGTCCGCCACCCCCGGTGCAGGGGTGCGGCGT,0.16901408450704225,0.15492957746478872,0.352112676056338,0.323943661971831,0.037037037037037035,0.044444444444444446,0.05925925925925926,0.02962962962962963,0.05925925925925926,0.08888888888888889,0.13333333333333333,0.037037037037037035,0.05925925925925926,0.1259259259259259,0.08148148148148149,0.08888888888888889,0.007407407407407408,0.05925925925925926,0.08148148148148149,0.007407407407407408
MGMI01000121.1/7147-7292,GCACAACTTCATACGCGGGCCGTCAGCGAAGCCGGTGAGAGTCCGGCAGGGTCGCGCCACCGTGATGGAGCACTGACTCCGAACTCGGGTCGCCTGACGTCCCGCTCGCGGCCAAGACACCTTCGCGTGAAAGGGGTCAGGTCAGG,0.1917808219178082,0.14383561643835616,0.3424657534246575,0.3219178082191781,0.03597122302158273,0.07194244604316546,0.07194244604316546,0.014388489208633094,0.07913669064748201,0.07194244604316546,0.12949640287769784,0.050359712230215826,0.07194244604316546,0.10071942446043165,0.07913669064748201,0.07194244604316546,0.007194244604316547,0.08633093525179857,0.04316546762589928,0.014388489208633094
AARF01000069.1/20924-20775,GCCACAATATAAAAGTTTTAGGCAATGGAAGTTTGGTGCAAATCCAACGCGGTCCCGCCACTGTGATAGACCGGATACCGGTCTTAAGTCAGGTCTTTTGCCTAGAAACTTTGAGCAACCAACCGCTTCGAGGCGAAAGTGGTGGTTTAG,0.2733333333333333,0.24666666666666667,0.26,0.22,0.08633093525179857,0.05755395683453238,0.07913669064748201,0.04316546762589928,0.06474820143884892,0.06474820143884892,0.05755395683453238,0.04316546762589928,0.05755395683453238,0.06474820143884892,0.07194244604316546,0.07913669064748201,0.05755395683453238,0.04316546762589928,0.06474820143884892,0.06474820143884892
AL591978.1/38103-38252,ATTCGTTCATACAAACAGTTAGATACTGGAAGTCTGGTGAAAGTCCAGCACGGTCCCGCCACTGTAAGGAGTTAGACACTCTAAGTCAGGTCTTTTATCTAATTGTTTTAACTGGTTATACTGCTTCGAGGCAAAGTATGTATAATTCTT,0.28,0.32666666666666666,0.20666666666666667,0.18666666666666668,0.06293706293706294,0.06293706293706294,0.08391608391608392,0.06293706293706294,0.06293706293706294,0.02097902097902098,0.027972027972027972,0.07692307692307693,0.04195804195804196,0.027972027972027972,0.04895104895104895,0.0979020979020979,0.0979020979020979,0.07692307692307693,0.055944055944055944,0.09090909090909091
ABGD02000024.1/243122-242978,TCTTAAAAATATATGAAGCTTCAGATGAGGAAACGAGTGGGAATCTCGTACGGTCACGCCACTGTGTAGCGGTTATACCGCAAAGTCAGGTCGTCATCTGGAGTCATATCCATCGTTTGAGCTTCGAGGGAAAGGGAGATGGATG,0.2827586206896552,0.2482758620689655,0.2896551724137931,0.1793103448275862,0.05185185185185185,0.037037037037037035,0.08888888888888889,0.08888888888888889,0.05925925925925926,0.022222222222222223,0.06666666666666667,0.044444444444444446,0.0962962962962963,0.037037037037037035,0.06666666666666667,0.08148148148148149,0.05925925925925926,0.0962962962962963,0.06666666666666667,0.037037037037037035
AL596167.1/185724-185873,ATTCGTTCATACAAACAGTTAGATACTGGAAGTCTGGTGAAAATCCAGCACGGTCCCGCCACTGTAAGGAGTTAGACACTCTAAGTCAGGTCTTTTATCTAATTGTTTTAACTGGTTATACTGCTTCGAGGCAAAGCATGTATAATTCTT,0.2866666666666667,0.32,0.2,0.19333333333333333,0.06993006993006994,0.06293706293706294,0.07692307692307693,0.06993006993006994,0.06993006993006994,0.02097902097902098,0.027972027972027972,0.07692307692307693,0.04195804195804196,0.03496503496503497,0.04895104895104895,0.08391608391608392,0.09090909090909091,0.07692307692307693,0.055944055944055944,0.09090909090909091
AM263198.1/1141155-1141305,ATTCGTTCATACAAACAAGTTAGATAATGGAAGTCTGGTGAAAATCCAGCACGGTCCCGCCACTGTAAGGAGTTAGACACTCTAAGTCAGGTCTTTTATCTAGTTGTTTTAACTGGTTATACTGCTTCGAGGCAAAGCATGTATAATTCTT,0.2913907284768212,0.31788079470198677,0.2052980132450331,0.18543046357615894,0.0763888888888889,0.05555555555555555,0.08333333333333333,0.06944444444444445,0.06944444444444445,0.020833333333333332,0.027777777777777776,0.06944444444444445,0.041666666666666664,0.034722222222222224,0.04861111111111111,0.09027777777777778,0.09027777777777778,0.0763888888888889,0.05555555555555555,0.09027777777777778
CP000387.1/512706-512558,AATTGATTTTAGTACTTTTAAGGATATGGAAGTCTGGTGTAAATCCAGCGCGGTCCCGCCACTGTGATAAGCTTTTCAGCTTTAAGTCAGGTCTTTATTCTTAAATTTTAGTAGATTTCATGCCTCGATGTAAGGTAGTGATGTCAGTT,0.2483221476510067,0.37583892617449666,0.2214765100671141,0.15436241610738255,0.057971014492753624,0.014492753623188406,0.09420289855072464,0.08695652173913043,0.043478260869565216,0.028985507246376812,0.028985507246376812,0.057971014492753624,0.050724637681159424,0.043478260869565216,0.043478260869565216,0.10144927536231885,0.09420289855072464,0.07246376811594203,0.07246376811594203,0.10869565217391304
ACAU01000031.1/82562-82413,AAACGAATATTTTATGAAAAATATGAATGGAAGCCAGTGAGAATCTGGCACGGTCCCGCCACTGTGAAGAAGCAAGGTTGCTTTTAAGTCAGGTCTTTTCATTTTTTCATTATTGGGCATGCTGTTTCGAGGCAAAACAGGATGTTTCTT,0.2866666666666667,0.32,0.23333333333333334,0.16,0.09558823529411764,0.029411764705882353,0.07352941176470588,0.08823529411764706,0.07352941176470588,0.022058823529411766,0.029411764705882353,0.04411764705882353,0.07352941176470588,0.058823529411764705,0.058823529411764705,0.058823529411764705,0.03676470588235294,0.058823529411764705,0.08823529411764706,0.11029411764705882
