Gene,Type,A,T,G,C,AA,AC,AG,AU,CA,CC,CG,CU,GA,GC,GG,GU,UA,UC,UG,UU
U00006.1/98763-98567,1,39,0,70,48,8,8,16,6,15,10,13,8,13,16,18,17,3,11,17,8
J03294.1/2297-2476,1,54,0,52,28,16,2,14,14,6,5,7,9,16,11,12,10,8,9,16,10
AF269536.1/680-500,1,66,0,34,21,20,8,10,23,11,3,3,4,13,4,4,12,16,6,16,17
AF270308.1/2156-2331,1,57,0,38,20,14,8,11,21,7,3,3,7,13,4,4,15,19,5,18,15
M93419.1/332-511,1,53,0,49,31,17,4,18,9,7,5,7,12,19,12,8,8,4,10,15,12
AF306669.1/1019-1194,1,56,0,39,20,13,4,14,19,9,1,3,7,12,10,5,11,16,5,16,16
X00008.1/296-492,1,39,0,71,47,9,7,16,6,14,10,13,8,13,16,18,17,3,11,17,8
X15196.1/270-75,1,39,0,70,47,8,8,16,6,15,10,13,8,13,17,17,17,3,11,17,8
AL591976.1/186683-186486,1,57,0,53,29,13,10,16,11,6,3,9,11,20,8,10,13,12,8,16,15
AL596166.1/112469-112272,1,61,0,49,29,16,10,15,12,7,3,9,10,18,8,9,13,13,8,15,15
AAMR01000029.1/5147-5324,1,53,0,47,27,15,6,12,15,8,3,7,9,7,12,10,13,17,6,14,11
CP000002.3/2878377-2878198,1,52,0,55,29,14,3,17,12,5,5,9,10,22,10,12,8,5,11,14,10
BX950851.1/4451556-4451748,1,43,0,63,48,8,7,15,12,8,11,17,10,20,13,15,11,6,14,12,5
EF419299.1/175-1,1,57,0,43,22,16,10,13,13,6,3,6,6,15,3,6,17,14,5,17,14
CP000046.1/1759610-1759435,1,63,0,37,19,15,9,14,20,8,3,2,6,13,3,5,15,21,4,15,13
BA000037.2/1373591-1373770,1,58,0,47,27,15,7,13,19,10,5,6,6,11,11,10,13,18,4,16,7
CP000647.1/4829910-4829675,1,53,0,80,62,11,13,20,5,16,15,18,9,17,16,20,19,5,14,14,7
BA000004.3/1819757-1819575,1,60,0,53,25,15,6,17,17,8,3,4,9,20,8,13,10,11,8,17,8
ABCF01000065.1/4547-4725,1,45,0,56,27,8,3,19,13,8,1,7,11,17,10,12,14,9,13,15,10
AE017143.1/992934-993104,1,51,0,49,25,13,6,13,13,6,3,10,6,13,7,12,13,12,9,11,12
CP000002.3/3366091-3365915,1,42,0,61,34,7,1,15,17,10,6,11,6,16,18,14,9,8,8,17,6
CP000029.1/981298-981477,1,62,0,38,19,15,4,14,24,9,1,3,6,14,7,5,11,19,7,15,16
AAWP01000069.1/5541-5721,1,50,0,54,30,11,7,16,14,7,6,6,11,13,12,13,12,17,5,16,8
AAKK02000085.1/12844-12662,1,55,0,51,29,14,8,15,15,8,4,7,10,12,11,11,13,18,6,15,9
CP000416.1/1669940-1669758,1,44,0,61,37,12,8,11,10,10,5,16,6,15,13,16,11,4,11,12,9
AM263198.1/783761-783564,1,63,0,49,25,16,9,18,13,8,2,4,11,21,7,8,12,12,7,18,16
AP006716.1/1558409-1558233,1,59,0,39,23,13,4,12,24,11,1,4,7,13,10,5,10,16,8,17,11
ABDQ01000005.1/49327-49153,1,67,0,38,15,18,5,19,19,3,1,3,8,15,7,5,10,25,2,10,12
AE016827.1/1325416-1325239,1,57,0,42,27,15,10,12,16,9,4,8,6,13,6,9,12,16,7,12,12
CP000569.1/516240-516411,1,51,0,49,28,12,9,14,9,5,4,11,8,14,6,12,14,12,9,10,10
BA000031.2/1190723-1190903,1,54,0,51,29,14,7,15,15,7,5,8,9,12,12,10,13,18,5,15,8
CP000425.1/2337129-2337310,1,57,0,51,35,13,11,17,10,12,3,11,9,18,11,9,9,9,9,10,10
AASA01000017.1/10332-10501,1,54,0,48,22,17,7,12,11,5,1,9,7,14,5,11,15,10,9,14,11
AP008934.1/1400599-1400421,1,58,0,43,22,13,5,18,18,9,1,3,9,15,10,7,10,17,6,14,15
AAOX01000015.1/22460-22639,1,54,0,46,28,16,4,18,9,7,4,4,13,17,7,8,12,6,13,15,12
AL009126.3/3421348-3421169,1,43,0,60,36,7,6,16,10,9,5,10,12,16,16,13,12,8,8,18,5
AE008691.1/719320-719498,1,49,0,48,37,12,7,15,10,11,8,5,12,13,13,10,10,9,7,16,9
AE004439.1/1026545-1026371,1,52,0,48,22,12,7,14,12,5,2,8,7,17,5,12,13,11,8,14,15
CP000436.1/843556-843727,1,57,0,42,20,15,6,11,17,6,2,7,5,11,6,9,13,17,6,13,13
CP001186.1/1355449-1355630,1,64,0,44,20,13,5,16,24,6,3,3,8,19,5,10,7,21,6,12,11
AE005176.1/2276232-2276414,1,56,0,50,34,12,10,17,11,12,3,10,9,17,11,10,10,10,9,11,11
CP000923.1/1076332-1076143,1,51,0,59,35,9,4,22,12,5,8,11,10,15,14,13,13,18,8,9,7
AE008691.1/1930427-1930616,1,46,0,64,42,10,6,21,6,9,10,10,11,13,16,16,15,11,8,13,5
CP000826.1/4955718-4955911,1,40,0,73,43,7,5,20,8,13,9,13,6,15,15,18,18,5,11,15,6
AL935263.2/928916-929097,1,50,0,57,36,12,8,12,15,9,7,14,6,17,11,14,11,8,10,13,7
AALE02000022.1/49827-50019,1,39,0,69,47,7,7,19,5,12,11,15,7,16,15,15,17,3,12,14,6
FQ670178.1/927246-927070,1,58,0,46,20,18,6,15,11,6,1,8,5,13,7,10,15,13,6,12,15
