Gene,Type,A,T,G,C,AA,AC,AG,AU,CA,CC,CG,CU,GA,GC,GG,GU,UA,UC,UG,UU
ABDP01000004.1/121408-121243,5,52,47,39,28,11,8,14,0,6,6,5,0,9,8,7,0,0,0,0,0
ABDP01000002.1/21070-20909,5,54,42,39,27,17,10,13,0,9,5,5,0,10,8,9,0,0,0,0,0
CP002101.1/844810-844637,5,52,41,46,35,13,10,13,0,13,6,7,0,13,9,11,0,0,0,0,0
CM000735.1/5624088-5624255,5,53,42,42,31,15,9,12,0,6,5,6,0,10,9,10,0,0,0,0,0
CM000735.1/1468756-1468593,5,50,41,43,30,14,7,14,0,5,5,6,0,13,8,9,0,0,0,0,0
CM000735.1/5623566-5623390,5,58,46,41,32,16,9,15,0,8,6,4,0,10,9,9,0,0,0,0,0
CM000735.1/3842611-3842778,5,48,41,47,32,12,8,15,0,8,5,6,0,12,10,11,0,0,0,0,0
JANY01000001.1/2155320-2155148,5,34,27,60,52,5,10,16,0,9,14,16,0,16,14,15,0,0,0,0,0
JANY01000008.1/67836-68005,5,36,27,57,50,6,14,13,0,10,12,15,0,13,12,16,0,0,0,0,0
JANY01000005.1/81320-81495,5,34,31,58,53,5,11,14,0,11,11,14,0,12,18,15,0,0,0,0,0
CP000647.1/4212343-4212524,5,49,43,47,43,10,11,13,0,12,9,10,0,12,10,11,0,0,0,0,0
CP001700.1/1972480-1972312,5,36,29,55,49,5,10,15,0,9,10,15,0,18,12,14,0,0,0,0,0
CM001441.1/5586115-5586280,5,49,38,45,34,9,9,17,0,11,6,5,0,12,11,10,0,0,0,0,0
FO082843.1/1944128-1943952,5,29,25,62,61,5,8,12,0,7,18,22,0,13,16,18,0,0,0,0,0
JXZB01000001.1/283539-283710,5,33,25,55,59,3,14,13,0,13,16,14,0,15,10,16,0,0,0,0,0
LADV01000225.1/7369-7536,5,50,38,44,36,12,9,16,0,10,7,6,0,11,11,10,0,0,0,0,0
LWAE01000006.1/221471-221640,5,56,51,34,29,13,11,12,0,5,4,6,0,9,7,8,0,0,0,0,0
LWAE01000003.1/708457-708269,5,63,53,41,32,14,13,16,0,10,3,5,0,14,8,6,0,0,0,0,0
LZLV01000047.1/33774-33603,5,37,31,55,49,6,12,14,0,8,12,15,0,15,11,14,0,0,0,0,0
LZLV01000099.1/8089-7919,5,34,31,57,49,6,7,15,0,11,9,14,0,10,18,14,0,0,0,0,0
LWRP01000137.1/67387-67216,5,32,25,58,57,3,11,14,0,12,15,15,0,14,12,18,0,0,0,0,0
LWRP01000180.1/14897-14715,5,35,30,60,58,4,15,14,0,13,15,14,0,15,12,18,0,0,0,0,0
LWRP01000180.1/15505-15676,5,32,29,56,55,2,15,14,0,12,14,13,0,16,8,16,0,0,0,0,0
AE016877.1/1527913-1528076,5,49,43,43,29,13,7,14,0,5,5,5,0,12,7,9,0,0,0,0,0
AE016877.1/4103590-4103757,5,48,42,47,31,12,7,15,0,8,5,5,0,12,10,11,0,0,0,0,0
AORV01000030.1/38247-38080,5,50,51,40,27,13,8,13,0,6,5,5,0,11,7,8,0,0,0,0,0
CP003987.1/9762622-9762449,5,37,26,55,56,6,15,14,0,14,15,12,0,13,11,16,0,0,0,0,0
CP003987.1/9672348-9672521,5,34,25,60,55,4,14,15,0,12,16,13,0,13,11,17,0,0,0,0,0
CP003987.1/1697342-1697513,5,35,23,55,59,4,15,13,0,14,14,16,0,14,12,14,0,0,0,0,0
LFXA01000013.1/307297-307124,5,35,26,58,55,4,13,14,0,13,13,15,0,15,12,15,0,0,0,0,0
LIUR01000001.1/2062704-2062539,5,49,40,42,35,12,10,11,0,9,7,6,0,10,9,10,0,0,0,0,0
CSXB01000005.1/225370-225540,5,59,44,39,29,18,9,15,0,7,3,7,0,12,10,7,0,0,0,0,0
CSXB01000036.1/37929-38095,5,61,40,37,29,17,8,14,0,7,5,6,0,14,8,7,0,0,0,0,0
CSXB01000057.1/17233-17400,5,54,48,40,26,13,8,18,0,9,2,4,0,14,7,6,0,0,0,0,0
CSXB01000008.1/192939-193109,5,35,29,57,50,3,11,17,0,10,11,16,0,18,12,13,0,0,0,0,0
CSXB01000002.1/794515-794683,5,38,30,55,46,5,15,15,0,8,9,14,0,19,10,12,0,0,0,0,0
CSXB01000057.1/14318-14485,5,56,48,36,28,14,8,17,0,8,3,6,0,15,5,6,0,0,0,0,0
CSXB01000005.1/280395-280562,5,51,48,40,29,12,6,13,0,5,4,6,0,15,9,7,0,0,0,0,0
LOEW01000088.1/7607-7442,5,48,40,44,34,9,9,16,0,10,6,5,0,10,11,11,0,0,0,0,0
LZKL01000111.1/13371-13540,5,38,30,53,49,6,12,13,0,10,12,14,0,13,11,14,0,0,0,0,0
LZKL01000118.1/65981-66157,5,36,28,60,53,6,9,15,0,8,14,18,0,16,15,15,0,0,0,0,0
LZKL01000127.1/221927-221740,5,40,27,61,60,6,12,15,0,12,16,19,0,16,15,16,0,0,0,0,0
LZKL01000119.1/46556-46383,5,37,27,57,53,6,12,15,0,11,12,16,0,14,16,13,0,0,0,0,0
ACVI01000094.1/7028-6859,5,56,50,36,28,14,10,13,0,5,4,6,0,10,7,7,0,0,0,0,0
ACVI01000025.1/28761-28596,5,55,50,36,25,13,7,13,0,7,4,3,0,10,8,8,0,0,0,0,0
LZLQ01000124.1/13750-13919,5,36,28,57,49,6,13,13,0,9,12,16,0,14,11,16,0,0,0,0,0
LZLQ01000148.1/89191-89020,5,35,31,55,51,5,12,14,0,12,10,13,0,13,14,13,0,0,0,0,0
CP000686.1/5712317-5712483,5,37,34,52,44,9,12,12,0,12,6,13,0,6,16,15,0,0,0,0,0
CP009914.1/1331840-1331669,5,34,33,56,49,4,12,14,0,8,11,14,0,15,10,13,0,0,0,0,0
JXAK01000010.1/83543-83375,5,47,39,49,34,11,9,12,0,8,8,8,0,11,9,15,0,0,0,0,0
MIHB01000004.1/102308-102139,5,36,28,54,52,6,12,14,0,10,13,15,0,15,12,13,0,0,0,0,0
MIHB01000001.1/1430-1599,5,35,30,57,48,5,12,13,0,8,12,16,0,15,12,15,0,0,0,0,0
MIHB01000008.1/114825-114655,5,35,28,57,51,6,10,14,0,11,11,14,0,12,17,15,0,0,0,0,0
CM001240.1/2564848-2564677,5,52,47,40,33,12,11,11,0,6,7,8,0,12,8,9,0,0,0,0,0
CP003876.1/8555970-8555801,5,36,25,56,53,4,11,15,0,10,10,19,0,19,15,13,0,0,0,0,0
CP003876.1/4458180-4458010,5,31,28,58,54,5,8,12,0,7,16,18,0,15,12,16,0,0,0,0,0
AORZ01000004.1/123444-123617,5,35,27,59,53,3,13,15,0,11,14,14,0,18,11,16,0,0,0,0,0
CP006835.1/3448476-3448648,5,34,27,60,52,5,10,16,0,9,14,16,0,16,14,15,0,0,0,0,0
CP006835.1/6070849-6071018,5,36,27,57,50,6,14,13,0,10,12,15,0,13,12,16,0,0,0,0,0
CP006835.1/59778-59953,5,34,31,58,53,5,11,14,0,11,11,14,0,12,18,15,0,0,0,0,0
CM002285.1/291690-291863,5,35,28,58,53,5,14,14,0,11,15,13,0,13,10,18,0,0,0,0,0
CM002285.1/1579558-1579379,5,35,26,58,61,3,14,12,0,13,15,19,0,16,13,16,0,0,0,0,0
LFZW01000001.1/4060666-4060502,5,54,40,44,27,15,8,15,0,5,4,5,0,14,8,10,0,0,0,0,0
LFZW01000001.1/3856368-3856535,5,50,41,42,35,12,9,11,0,10,7,5,0,11,10,9,0,0,0,0,0
LFZW01000001.1/4193875-4193712,5,50,46,38,30,12,8,11,0,10,5,5,0,12,11,6,0,0,0,0,0
KV411304.1/3278704-3278873,5,42,33,53,42,6,11,14,0,9,7,15,0,18,12,12,0,0,0,0,0
KV411304.1/623853-623684,5,36,29,55,50,4,11,17,0,11,10,14,0,17,12,13,0,0,0,0,0
KV411304.1/1491770-1491604,5,30,26,57,54,5,10,12,0,7,14,18,0,14,13,16,0,0,0,0,0
AE017334.2/1510523-1510686,5,49,42,43,30,13,7,14,0,5,5,6,0,12,8,9,0,0,0,0,0
BX470251.1/4406483-4406312,5,53,41,42,36,8,12,16,0,9,6,11,0,17,6,7,0,0,0,0,0
KB946309.1/780657-780488,5,55,47,38,30,15,10,13,0,10,3,6,0,11,8,7,0,0,0,0,0
KB946300.1/305542-305710,5,58,45,37,29,16,10,12,0,9,4,5,0,14,8,7,0,0,0,0,0
KB946311.1/121366-121535,5,48,45,43,34,9,10,13,0,7,4,10,0,17,10,6,0,0,0,0,0
LGUG01000004.1/4410612-4410442,5,50,45,45,31,11,8,13,0,6,5,6,0,14,7,12,0,0,0,0,0
LGUG01000004.1/4622338-4622507,5,48,34,46,42,13,11,13,0,12,9,8,0,10,10,13,0,0,0,0,0
LKTM01000001.1/371338-371510,5,35,26,56,56,6,10,15,0,11,15,16,0,12,16,14,0,0,0,0,0
LKTM01000002.1/54648-54817,5,37,26,56,51,6,14,14,0,11,12,15,0,13,12,16,0,0,0,0,0
LKTM01000257.1/45458-45287,5,34,29,57,52,5,11,14,0,12,11,14,0,12,16,15,0,0,0,0,0
JZWY01000264.1/10131-10317,5,37,25,61,64,5,14,13,0,15,18,15,0,13,14,17,0,0,0,0,0
CP003108.1/5801730-5801895,5,49,39,45,33,11,8,16,0,10,5,5,0,10,12,11,0,0,0,0,0
CP003219.1/265529-265356,5,33,25,61,55,3,14,14,0,12,15,14,0,15,11,18,0,0,0,0,0
CP003229.1/492914-493087,5,33,25,61,55,3,14,14,0,12,15,14,0,15,11,18,0,0,0,0,0
CP003229.1/1547430-1547257,5,32,25,61,56,3,13,13,0,11,16,15,0,15,11,18,0,0,0,0,0
CP003119.1/5604303-5604131,5,38,29,60,46,6,9,16,0,8,9,20,0,19,12,13,0,0,0,0,0
KQ948015.1/92917-92744,5,33,28,56,57,3,14,12,0,11,15,16,0,14,10,16,0,0,0,0,0
JNVM01000019.1/55097-54928,5,49,36,47,38,12,8,16,0,8,9,8,0,12,12,12,0,0,0,0,0
JNVM01000010.1/325816-325987,5,49,40,46,37,12,11,13,0,9,8,9,0,10,11,11,0,0,0,0,0
JNVM01000006.1/591178-591005,5,55,43,42,34,12,9,13,0,8,7,7,0,12,8,10,0,0,0,0,0
JNVM01000006.1/591960-592127,5,48,34,45,41,13,10,12,0,13,8,9,0,12,14,9,0,0,0,0,0
JNGB01000033.1/2030-1868,5,51,38,41,33,11,9,11,0,15,6,8,0,9,9,11,0,0,0,0,0
JAOG01000001.1/2551227-2551053,5,34,29,61,51,5,11,15,0,9,11,16,0,16,15,15,0,0,0,0,0
JAOG01000002.1/173501-173318,5,37,36,60,51,6,12,15,0,10,13,15,0,15,12,17,0,0,0,0,0
JAOG01000003.1/907050-906878,5,36,26,58,53,6,12,15,0,10,13,16,0,17,13,14,0,0,0,0,0
APJS01000076.1/68306-68141,5,54,49,35,28,12,10,13,0,6,4,5,0,10,7,7,0,0,0,0,0
AGAF01000148.1/65659-65823,5,48,38,42,37,10,12,15,0,9,6,6,0,11,10,9,0,0,0,0,0
CP007155.1/1431100-1431270,5,33,27,58,53,6,12,13,0,11,14,14,0,13,12,15,0,0,0,0,0
CP007155.1/9043771-9043601,5,35,26,57,53,4,13,15,0,15,12,13,0,12,12,16,0,0,0,0,0
JYJF01000112.1/9101-8926,5,38,31,54,53,7,12,13,0,12,13,14,0,16,10,15,0,0,0,0,0
CM000745.1/1468532-1468695,5,49,43,43,29,13,7,14,0,5,4,6,0,12,8,9,0,0,0,0,0
AAWL01000016.1/43438-43265,5,46,46,48,34,8,11,14,0,9,7,7,0,10,9,13,0,0,0,0,0
AE016830.1/1268265-1268435,5,59,44,39,29,18,9,15,0,7,3,7,0,12,10,7,0,0,0,0,0
AE008691.1/2398115-2397950,5,49,40,43,34,12,8,14,0,10,7,6,0,12,11,11,0,0,0,0,0
CP000141.1/329676-329842,5,42,48,46,31,8,9,16,0,4,7,6,0,12,8,13,0,0,0,0,0
CP001176.1/2412253-2412418,5,53,40,42,31,15,9,12,0,6,5,6,0,10,9,10,0,0,0,0,0
ACAO01000024.1/41200-41025,5,60,47,39,30,16,11,13,0,8,3,8,0,13,10,6,0,0,0,0,0
AAAK03000021.1/12650-12476,5,59,44,42,30,15,10,17,0,10,3,6,0,14,8,8,0,0,0,0,0
CP000764.1/1422391-1422554,5,48,44,44,28,12,5,15,0,5,4,5,0,12,9,9,0,0,0,0,0
AAJM01000138.1/2313-2480,5,53,41,42,32,15,9,12,0,6,5,6,0,10,9,10,0,0,0,0,0
CP000568.1/2645160-2644995,5,50,39,45,32,12,8,14,0,8,6,7,0,11,14,9,0,0,0,0,0
ACMS01000077.1/22055-22218,5,51,42,42,29,14,8,14,0,5,4,6,0,14,7,8,0,0,0,0,0
AE001437.1/3501846-3501683,5,57,48,34,25,13,7,12,0,5,5,3,0,8,8,6,0,0,0,0,0
CP001727.1/2253817-2253654,5,39,35,48,42,9,13,10,0,9,9,11,0,7,13,13,0,0,0,0,0
AE017194.1/1660591-1660754,5,49,42,43,30,13,7,14,0,5,5,6,0,12,8,9,0,0,0,0,0
CP000924.1/241046-241208,5,53,39,38,33,14,10,12,0,10,5,7,0,11,11,7,0,0,0,0,0
CP000673.1/3641499-3641330,5,55,55,35,25,13,8,13,0,6,4,4,0,10,7,7,0,0,0,0,0
AL596173.1/245334-245167,5,47,45,44,32,12,7,14,0,10,8,4,0,8,10,10,0,0,0,0,0
AAXV01000059.1/1758-1594,5,51,43,37,34,14,10,10,0,8,6,8,0,11,7,7,0,0,0,0,0
CP001348.1/2365884-2365715,5,55,46,42,27,14,7,14,0,7,5,5,0,11,7,9,0,0,0,0,0
ACLX01000114.1/2858-3034,5,58,48,41,30,16,8,13,0,9,6,3,0,12,7,10,0,0,0,0,0
CP001175.1/2843327-2843493,5,46,44,44,33,11,7,14,0,11,8,4,0,8,11,10,0,0,0,0,0
AL591984.1/47104-46938,5,46,44,44,33,11,7,14,0,11,8,4,0,8,11,10,0,0,0,0,0
ACAJ01000014.1/157903-157714,5,65,53,39,33,19,11,12,0,7,4,8,0,13,10,7,0,0,0,0,0
AE017333.1/1420164-1420328,5,46,41,41,37,10,6,11,0,11,6,6,0,9,15,8,0,0,0,0,0
AE016830.1/3116366-3116532,5,61,40,37,29,17,8,14,0,7,5,6,0,14,8,7,0,0,0,0,0
CP000721.1/3911114-3911285,5,52,48,40,32,14,9,11,0,6,6,7,0,10,9,9,0,0,0,0,0
CP000724.1/3301490-3301319,5,60,43,40,29,16,9,16,0,9,4,5,0,14,8,8,0,0,0,0,0
ACCD01000002.1/42362-42531,5,56,39,40,35,9,14,17,0,11,5,8,0,14,6,9,0,0,0,0,0
CP000813.1/1287638-1287801,5,50,42,39,33,11,7,12,0,11,6,5,0,13,11,7,0,0,0,0,0
ACNO01000010.1/64597-64770,5,38,37,53,46,6,13,13,0,12,8,13,0,14,9,14,0,0,0,0,0
AP009389.1/428061-428228,5,38,51,47,32,6,10,12,0,6,5,7,0,12,8,11,0,0,0,0,0
ACND01000068.1/9860-9684,5,55,48,42,32,16,8,14,0,8,5,4,0,9,11,10,0,0,0,0,0
AARF01000550.1/280-108,5,54,42,43,34,12,11,15,0,6,7,7,0,14,7,11,0,0,0,0,0
AARF01000169.1/465-629,5,51,38,43,33,15,7,15,0,6,7,5,0,12,9,9,0,0,0,0,0
ACMP01000214.1/1800-1624,5,57,46,41,33,15,9,15,0,9,6,4,0,9,9,10,0,0,0,0,0
AJ250603.1/195-361,5,53,47,37,30,15,9,11,0,6,5,7,0,11,8,7,0,0,0,0,0
BA000004.3/3340549-3340386,5,51,39,38,36,14,8,10,0,12,7,5,0,10,10,7,0,0,0,0,0
AJ002571.1/47742-47907,5,47,41,41,37,11,7,11,0,10,7,6,0,11,13,8,0,0,0,0,0
CP000232.1/409831-409996,5,46,38,44,38,12,11,11,0,10,7,9,0,9,12,10,0,0,0,0,0
AP008232.1/1074084-1073916,5,46,44,45,34,7,12,15,0,8,5,10,0,13,8,10,0,0,0,0,0
CP001034.1/3063723-3063914,5,53,49,48,42,12,9,15,0,8,8,9,0,11,12,10,0,0,0,0,0
CP000560.1/1275022-1275187,5,46,38,43,39,11,8,11,0,10,8,7,0,11,12,10,0,0,0,0,0
BX842577.1/4252-4421,5,34,29,58,49,5,13,14,0,8,11,16,0,15,13,16,0,0,0,0,0
ACCI02000061.1/145679-145508,5,53,40,42,37,8,12,17,0,7,7,11,0,18,7,7,0,0,0,0,0
AAJM01000138.1/1999-1823,5,54,47,43,33,15,9,14,0,8,6,4,0,10,10,9,0,0,0,0,0
AF117609.1/346-512,5,52,47,38,30,15,9,11,0,6,5,7,0,11,8,7,0,0,0,0,0
AE016830.1/1024864-1024697,5,54,48,40,26,13,8,18,0,9,2,4,0,14,7,6,0,0,0,0,0
ACBV01000002.1/67696-67865,5,36,27,57,50,6,14,13,0,10,12,15,0,13,12,16,0,0,0,0,0
CP001186.1/4113904-4114071,5,48,41,47,32,12,8,15,0,8,5,6,0,12,10,11,0,0,0,0,0
CU458896.1/4831187-4831017,5,35,29,57,50,3,11,17,0,10,11,16,0,18,12,13,0,0,0,0,0
CP000325.1/5326076-5325906,5,34,27,57,53,5,9,16,0,10,14,16,0,14,15,14,0,0,0,0,0
CP000728.1/236297-236462,5,52,46,39,29,12,9,12,0,6,6,6,0,9,8,8,0,0,0,0,0
AAFX01011285.1/689-521,5,51,37,48,33,15,8,16,0,8,5,8,0,13,11,13,0,0,0,0,0
ABJD02000101.1/1953821-1953650,5,55,38,42,37,9,13,16,0,10,7,11,0,17,6,7,0,0,0,0,0
ABDP01000004.1/121408-121243,5,52,47,39,28,11,8,14,0,6,6,5,0,9,8,7,0,0,0,0,0
CP000826.1/2785644-2785471,5,51,43,44,36,9,12,15,0,11,4,8,0,15,9,11,0,0,0,0,0
CP000612.1/2523319-2523491,5,43,48,46,36,7,10,12,0,8,7,6,0,11,9,12,0,0,0,0,0
ACMV01000122.1/63091-63254,5,48,40,46,30,11,9,16,0,6,4,6,0,14,8,10,0,0,0,0,0
AY129558.1/14501-14670,5,46,37,47,40,8,11,12,0,12,6,11,0,12,11,12,0,0,0,0,0
ABVP01000024.1/147149-146978,5,51,42,41,38,6,13,15,0,9,7,12,0,16,6,7,0,0,0,0,0
AE016958.1/3916507-3916677,5,35,23,58,55,5,11,16,0,10,15,16,0,17,14,14,0,0,0,0,0
BX571871.1/238808-238637,5,53,41,42,36,8,12,16,0,9,6,11,0,17,6,7,0,0,0,0,0
CP000416.1/2122885-2122722,5,60,44,35,25,18,9,15,0,8,2,5,0,13,7,5,0,0,0,0,0
ABIN01000151.1/583-766,5,37,36,60,51,6,12,15,0,10,13,15,0,15,12,17,0,0,0,0,0
CP001700.1/1972480-1972312,5,36,29,55,49,5,10,15,0,9,10,15,0,18,12,14,0,0,0,0,0
CP000717.1/2055847-2056021,5,35,29,60,51,6,9,14,0,8,12,16,0,14,17,16,0,0,0,0,0
BA000004.3/3341002-3340837,5,45,41,45,35,10,8,11,0,10,6,7,0,11,11,8,0,0,0,0,0
ABXV02000030.1/100107-99935,5,54,40,41,38,8,13,16,0,8,7,11,0,18,7,7,0,0,0,0,0
CP001791.1/527842-527676,5,48,33,45,41,14,9,12,0,12,8,8,0,13,14,9,0,0,0,0,0
AE001437.1/789407-789580,5,55,56,34,29,11,5,16,0,6,4,4,0,9,9,5,0,0,0,0,0
AE016958.1/1663674-1663849,5,35,29,59,53,6,12,14,0,10,12,16,0,15,16,15,0,0,0,0,0
AE016830.1/1027779-1027612,5,56,48,36,28,14,8,17,0,8,3,6,0,15,5,6,0,0,0,0,0
CP000479.1/3338383-3338199,5,37,34,62,52,6,12,14,0,10,11,17,0,14,12,17,0,0,0,0,0
CP000413.1/962812-962978,5,58,42,33,34,16,14,12,0,10,4,7,0,10,6,4,0,0,0,0,0
CP001720.1/1833967-1834136,5,44,48,47,31,10,8,10,0,6,6,8,0,10,8,12,0,0,0,0,0
ACGU01000110.1/97211-97378,5,57,38,36,37,15,16,12,0,10,5,11,0,11,6,4,0,0,0,0,0
AE016825.1/3525127-3525291,5,43,36,45,41,7,12,14,0,11,6,13,0,14,11,10,0,0,0,0,0
AE016822.1/2178766-2178596,5,36,28,55,52,5,12,14,0,10,12,15,0,16,13,13,0,0,0,0,0
AE017198.1/1073421-1073588,5,58,43,35,32,15,13,13,0,9,5,7,0,12,4,4,0,0,0,0,0
CP000679.1/1386114-1386274,5,47,38,44,32,11,5,14,0,7,7,7,0,10,15,10,0,0,0,0,0
CP000698.1/2388949-2388777,5,50,43,43,37,13,11,13,0,10,6,9,0,10,10,9,0,0,0,0,0
CP000480.1/5735476-5735649,5,40,31,53,50,6,13,15,0,11,11,14,0,17,11,11,0,0,0,0,0
CP001390.1/3327040-3327209,5,52,37,45,36,14,10,15,0,10,6,8,0,11,10,11,0,0,0,0,0
CP001124.1/3732610-3732441,5,44,37,46,43,10,15,11,0,9,10,8,0,11,12,10,0,0,0,0,0
ABWG02000004.1/102839-102676,5,52,39,38,35,11,15,12,0,12,5,9,0,10,7,6,0,0,0,0,0
CP001393.1/739372-739528,5,42,38,45,32,9,6,15,0,7,7,7,0,11,15,10,0,0,0,0,0
AP006627.1/810916-810751,5,48,41,40,37,11,8,12,0,11,8,6,0,8,13,9,0,0,0,0,0
ACGH01000107.1/2043-1878,5,57,41,36,32,17,10,14,0,8,2,5,0,9,12,4,0,0,0,0,0
ACLM01000103.1/132-299,5,55,38,39,36,13,15,14,0,10,5,9,0,15,7,4,0,0,0,0,0
CP001966.1/2592315-2592145,5,37,26,58,50,4,12,16,0,9,11,19,0,20,12,12,0,0,0,0,0
BA000004.3/2041941-2042106,5,44,39,43,40,11,9,11,0,10,8,9,0,9,12,9,0,0,0,0,0
CP000413.1/234944-235115,5,57,39,35,41,14,13,12,0,12,9,9,0,10,7,4,0,0,0,0,0
AL935263.2/1874649-1874486,5,56,46,37,25,16,6,17,0,7,2,6,0,14,7,5,0,0,0,0,0
AF031552.1/1396-1226,5,45,39,48,39,9,10,15,0,14,5,9,0,14,11,10,0,0,0,0,0
AE017198.1/231904-232076,5,57,39,35,42,13,14,12,0,13,9,9,0,10,7,4,0,0,0,0,0
ACGO02000002.1/246026-245855,5,58,37,36,41,14,13,12,0,12,9,9,0,10,7,4,0,0,0,0,0
BABE01005974.1/721-547,5,57,44,41,30,13,10,17,0,10,3,6,0,14,8,7,0,0,0,0,0
CP000544.1/1425650-1425831,5,36,32,61,53,9,9,14,0,8,12,17,0,14,21,12,0,0,0,0,0
ACLN01000004.1/169541-169717,5,54,45,41,37,15,15,12,0,9,7,9,0,13,6,5,0,0,0,0,0
AE016830.1/1323290-1323457,5,51,48,40,29,12,6,13,0,5,4,6,0,15,9,7,0,0,0,0,0
CP000412.1/281461-281624,5,53,38,38,35,11,11,15,0,12,5,8,0,11,10,4,0,0,0,0,0
ABQP01000004.1/146576-146420,5,39,29,48,41,7,13,12,0,12,6,12,0,14,16,9,0,0,0,0,0
ACEC01000025.1/21421-21256,5,46,40,47,33,9,11,14,0,8,5,10,0,14,8,10,0,0,0,0,0
ACOM01000001.1/624108-624271,5,62,45,31,26,17,6,14,0,6,4,4,0,9,8,5,0,0,0,0,0
AASN01000027.1/80343-80511,5,35,30,57,47,6,12,15,0,9,11,14,0,13,12,17,0,0,0,0,0
CP001834.1/1924075-1923906,5,64,45,32,29,19,9,14,0,11,2,5,0,12,4,6,0,0,0,0,0
CR936503.1/1082354-1082189,5,51,44,35,36,14,12,9,0,10,5,8,0,12,10,5,0,0,0,0,0
X90691.1/1632-1461,5,51,37,46,38,9,12,17,0,7,6,13,0,17,9,7,0,0,0,0,0
AB385841.1/13217-13047,5,31,24,56,60,3,14,11,0,13,15,16,0,13,12,15,0,0,0,0,0
CP000910.1/746842-747026,5,40,30,58,57,6,10,16,0,14,12,16,0,13,21,13,0,0,0,0,0
CP000416.1/93409-93243,5,53,38,40,36,15,11,15,0,7,4,9,0,12,12,5,0,0,0,0,0
CP000325.1/3411572-3411396,5,37,31,59,50,7,11,14,0,9,10,16,0,14,16,15,0,0,0,0,0
CP000478.1/2956592-2956762,5,49,37,48,37,12,10,12,0,10,6,10,0,11,12,11,0,0,0,0,0
CP002743.1/503463-503307,5,36,34,49,38,9,8,9,0,10,5,10,0,12,16,11,0,0,0,0,0
CP000033.3/206473-206636,5,53,36,40,35,11,15,13,0,9,5,12,0,13,7,5,0,0,0,0,0
CP000517.1/232404-232566,5,54,36,39,34,12,15,14,0,9,4,11,0,14,7,4,0,0,0,0,0
CP000482.1/1208117-1207951,5,44,34,44,45,13,10,11,0,13,11,9,0,8,14,11,0,0,0,0,0
CP001124.1/511763-511594,5,39,30,51,50,9,14,10,0,7,12,16,0,12,12,13,0,0,0,0,0
CP001364.1/587050-586882,5,42,39,48,40,9,10,13,0,8,4,12,0,6,18,10,0,0,0,0,0
CP001095.1/485733-485576,5,36,30,52,40,8,9,11,0,11,6,13,0,12,17,12,0,0,0,0,0
ACKR01000005.1/5717-5880,5,55,33,39,37,13,12,15,0,10,6,10,0,15,8,5,0,0,0,0,0
ABWO01000186.1/16693-16863,5,48,47,45,31,10,8,11,0,10,4,8,0,14,12,10,0,0,0,0,0
CP001078.1/1435636-1435795,5,52,43,41,24,13,6,13,0,6,3,8,0,13,9,10,0,0,0,0,0
CP000423.1/1285762-1285925,5,42,44,41,37,11,7,11,0,7,4,8,0,10,17,6,0,0,0,0,0
CP000478.1/2034435-2034257,5,43,33,59,44,10,10,16,0,11,7,12,0,13,15,16,0,0,0,0,0
CP000885.1/3684636-3684461,5,50,46,46,34,13,8,10,0,9,5,9,0,9,15,11,0,0,0,0,0
AAVL02000037.1/263157-262988,5,46,55,42,27,10,7,11,0,6,5,7,0,11,9,10,0,0,0,0,0
ACDK01000064.1/73825-73667,5,49,40,44,26,13,6,17,0,10,4,5,0,13,11,8,0,0,0,0,0
CP001706.1/2088420-2088246,5,39,40,50,46,6,11,12,0,11,8,14,0,13,11,12,0,0,0,0,0
CP001056.1/1473093-1473254,5,54,44,40,24,14,6,13,0,7,3,8,0,13,10,9,0,0,0,0,0
AE005176.1/1288920-1288760,5,46,28,50,37,10,11,15,0,11,5,13,0,13,14,9,0,0,0,0,0
ACFX02000041.1/21421-21266,5,45,36,45,30,12,9,14,0,9,4,6,0,10,9,12,0,0,0,0,0
ABDQ01000001.1/467807-467647,5,56,37,40,28,15,12,16,0,9,5,5,0,12,8,9,0,0,0,0,0
CP000962.1/3124853-3124692,5,54,42,39,27,17,10,13,0,9,5,5,0,10,8,9,0,0,0,0,0
ACDH01000013.1/27326-27487,5,51,37,42,32,12,9,11,0,10,5,8,0,8,10,11,0,0,0,0,0
ACKZ01000007.1/32791-32946,5,50,38,40,28,9,9,14,0,9,4,7,0,16,6,8,0,0,0,0,0
ACNB01000463.1/4534-4369,5,48,47,37,34,13,9,10,0,7,6,5,0,8,7,9,0,0,0,0,0
AE005176.1/907249-907410,5,48,29,49,36,11,13,14,0,11,5,11,0,14,11,10,0,0,0,0,0
ABDV01000005.1/84537-84695,5,54,40,38,27,14,9,12,0,9,4,6,0,12,9,9,0,0,0,0,0
ABOU02000050.1/75054-74870,5,46,53,52,34,9,8,10,0,8,4,12,0,14,15,12,0,0,0,0,0
CP001739.1/2726594-2726752,5,55,42,40,22,17,6,13,0,8,2,5,0,16,8,9,0,0,0,0,0
CP002104.1/1491224-1491064,5,43,32,47,39,12,15,12,0,14,5,11,0,11,12,11,0,0,0,0,0
ABYU02000030.1/155655-155489,5,48,41,48,30,10,9,13,0,10,5,5,0,13,12,11,0,0,0,0,0
ACIL02000005.1/103424-103269,5,44,36,47,29,8,10,12,0,7,3,11,0,17,9,10,0,0,0,0,0
ABFX02000002.1/189276-189122,5,50,36,42,27,13,10,12,0,9,3,6,0,12,9,8,0,0,0,0,0
CP000804.1/127786-127952,5,32,33,55,47,7,10,12,0,11,6,14,0,5,22,14,0,0,0,0,0
ABYT01000060.1/16817-16983,5,48,46,45,28,9,9,13,0,7,4,7,0,12,10,11,0,0,0,0,0
CP000822.1/4527413-4527596,5,51,42,47,44,9,11,13,0,13,8,10,0,13,11,10,0,0,0,0,0
ABWM02000004.1/570492-570323,5,41,41,48,40,9,13,9,0,11,4,11,0,10,8,13,0,0,0,0,0
CP000647.1/4212343-4212524,5,49,43,47,43,10,11,13,0,12,9,10,0,12,10,11,0,0,0,0,0
ACDB02000044.1/535177-535016,5,55,39,38,30,16,11,11,0,9,5,6,0,6,8,10,0,0,0,0,0
CP000686.1/5712317-5712483,5,37,34,52,44,9,12,12,0,12,6,13,0,6,16,15,0,0,0,0,0
AACY022501423.1/463-646,5,51,42,45,46,9,14,13,0,14,10,10,0,14,8,10,0,0,0,0,0
AB271060.1/1350-1503,5,48,36,42,28,9,12,13,0,8,3,7,0,14,8,10,0,0,0,0,0
AL035300.1/11215-11046,5,36,36,56,42,6,6,14,0,12,10,9,0,13,11,15,0,0,0,0,0
AB089921.1/2048-2205,5,47,40,39,32,10,11,11,0,10,5,6,0,11,8,11,0,0,0,0,0
AL583922.1/170727-170556,5,38,43,51,40,5,7,16,0,10,9,9,0,14,11,11,0,0,0,0,0
GL635751.1/293875-293710,5,47,42,43,34,12,8,11,0,9,7,5,0,12,10,9,0,0,0,0,0
AHKH01000025.1/10931-10759,5,51,41,47,34,14,7,16,0,8,6,5,0,11,13,13,0,0,0,0,0
AHKH01000034.1/33515-33684,5,54,39,43,34,14,11,13,0,6,6,8,0,11,10,12,0,0,0,0,0
GL870809.1/1301798-1301631,5,46,47,46,29,10,8,11,0,9,5,5,0,14,12,11,0,0,0,0,0
AUXQ01000018.1/96336-96507,5,52,41,44,35,8,12,16,0,9,5,9,0,18,7,8,0,0,0,0,0
LZSG01000070.1/35581-35750,5,36,28,56,50,7,14,12,0,10,13,15,0,13,11,16,0,0,0,0,0
LZSG01000019.1/54982-54806,5,36,31,58,52,5,12,14,0,10,13,15,0,15,14,14,0,0,0,0,0
LZSG01000005.1/253856-253682,5,36,29,59,51,4,10,17,0,11,12,15,0,17,13,13,0,0,0,0,0
LGDD01000309.1/36119-35946,5,35,29,59,51,4,15,14,0,11,13,13,0,14,9,16,0,0,0,0,0
CP000826.1/2785644-2785471,5,51,43,44,36,9,12,15,0,11,4,8,0,15,9,11,0,0,0,0,0
LJCR01000248.1/2675-2836,5,36,31,51,44,9,8,15,0,8,6,13,0,9,17,9,0,0,0,0,0
CP000854.1/2834086-2834255,5,35,30,56,49,6,13,12,0,10,12,15,0,12,12,16,0,0,0,0,0
CP000854.1/361669-361839,5,34,27,57,53,5,9,16,0,10,14,16,0,14,15,14,0,0,0,0,0
CP000854.1/3273427-3273602,5,36,31,58,51,7,10,14,0,9,10,16,0,13,17,14,0,0,0,0,0
ALXI01000010.1/37497-37668,5,53,46,42,31,14,8,13,0,7,6,6,0,11,9,10,0,0,0,0,0
ALXI01000016.1/19032-18863,5,63,44,33,30,17,9,14,0,11,5,3,0,8,10,5,0,0,0,0,0
ALXI01000016.1/10650-10494,5,51,39,44,23,14,7,15,0,5,3,9,0,13,9,10,0,0,0,0,0
GG770555.1/56309-56493,5,36,35,61,53,5,12,14,0,10,13,16,0,15,13,17,0,0,0,0,0
GG770556.1/315490-315660,5,33,31,57,50,5,9,13,0,9,11,14,0,12,16,14,0,0,0,0,0
GG770553.1/854579-854766,5,38,28,64,58,5,13,15,0,11,14,21,0,20,14,14,0,0,0,0,0
HG964446.1/2890138-2890307,5,37,26,57,50,6,13,14,0,11,12,15,0,14,13,15,0,0,0,0,0
HG964446.1/3316488-3316663,5,37,35,59,45,6,9,15,0,10,9,11,0,14,14,17,0,0,0,0,0
HG964446.1/726470-726673,5,42,26,72,64,5,15,18,0,15,13,23,0,20,20,17,0,0,0,0,0
JXST01000001.1/39074-39244,5,40,29,54,48,7,11,17,0,9,10,16,0,17,11,12,0,0,0,0,0
AP010968.1/478285-478457,5,33,28,55,57,4,13,12,0,13,15,14,0,14,9,16,0,0,0,0,0
CP017269.1/4337466-4337632,5,55,45,38,29,13,5,16,0,8,3,6,0,14,11,6,0,0,0,0,0
AJJI01000015.1/446264-446445,5,49,43,47,43,10,11,13,0,12,9,10,0,12,10,11,0,0,0,0,0
LGDV01000213.1/258595-258424,5,33,25,56,58,4,12,13,0,14,15,14,0,14,11,17,0,0,0,0,0
LZIG01000130.1/15817-15988,5,40,30,55,47,5,12,16,0,9,9,16,0,19,11,12,0,0,0,0,0
BAWD02000282.1/1606-1777,5,41,31,52,48,6,12,15,0,11,9,16,0,17,11,12,0,0,0,0,0
BAWD02000047.1/32479-32652,5,31,32,61,50,4,9,14,0,5,15,17,0,15,11,17,0,0,0,0,0
KK853997.1/301121-301292,5,32,27,55,58,3,13,13,0,13,15,14,0,15,10,16,0,0,0,0,0
JPRF03000076.1/122867-123043,5,35,31,58,53,4,15,14,0,11,13,16,0,16,10,16,0,0,0,0,0
CP000480.1/5735476-5735649,5,40,31,53,50,6,13,15,0,11,11,14,0,17,11,11,0,0,0,0,0
AP008957.1/663542-663715,5,38,37,53,46,6,13,13,0,12,8,13,0,14,9,14,0,0,0,0,0
JAOL01000189.1/58258-58088,5,34,27,57,53,5,9,16,0,10,14,16,0,14,15,14,0,0,0,0,0
JAOL01000096.1/899-1068,5,35,30,56,49,6,13,12,0,10,12,15,0,12,13,16,0,0,0,0,0
JAOL01000205.1/11739-11573,5,35,30,56,46,6,13,12,0,10,9,15,0,12,13,16,0,0,0,0,0
JAOL01000027.1/1381-1557,5,37,31,60,49,7,11,14,0,9,10,15,0,14,15,16,0,0,0,0,0
JAOL01000060.1/3470-3646,5,37,31,60,49,7,11,14,0,9,10,15,0,14,15,16,0,0,0,0,0
JAOL01000060.1/6197-6030,5,35,30,57,46,7,11,13,0,9,9,16,0,13,15,13,0,0,0,0,0
CP011254.1/1489410-1489596,5,52,50,46,39,9,13,16,0,12,4,8,0,15,9,11,0,0,0,0,0
CP011254.1/5870209-5870039,5,49,37,44,41,13,11,12,0,10,8,10,0,10,11,12,0,0,0,0,0
BCSX01000001.1/64865-65038,5,36,29,56,53,7,9,15,0,10,12,16,0,15,15,13,0,0,0,0,0
CP011497.1/244979-244807,5,32,29,55,57,3,12,13,0,13,14,13,0,14,11,16,0,0,0,0,0
CVQP01000005.1/58088-57919,5,36,30,56,48,5,13,15,0,11,10,15,0,16,11,14,0,0,0,0,0
LLZI01000230.1/48143-47974,5,35,27,56,52,5,14,14,0,11,14,13,0,14,10,16,0,0,0,0,0
LLZI01000001.1/110558-110727,5,30,23,59,58,3,13,11,0,12,14,17,0,13,13,16,0,0,0,0,0
CP000721.1/3911114-3911285,5,52,48,40,32,14,9,11,0,6,6,7,0,10,9,9,0,0,0,0,0
AAJM01000138.1/2313-2480,5,53,41,42,32,15,9,12,0,6,5,6,0,10,9,10,0,0,0,0,0
AAJM01000390.1/2614-2777,5,49,43,43,29,13,7,14,0,5,5,5,0,12,7,9,0,0,0,0,0
AAJM01000138.1/1999-1823,5,54,47,43,33,15,9,14,0,8,6,4,0,10,10,9,0,0,0,0,0
AAJM01000026.1/27246-27413,5,48,41,47,32,12,8,15,0,8,5,6,0,12,10,11,0,0,0,0,0
CP004121.1/1893249-1893079,5,52,47,39,33,14,12,11,0,7,5,7,0,10,9,8,0,0,0,0,0
CP007574.1/923796-923969,5,38,25,55,56,7,15,14,0,13,14,14,0,14,12,15,0,0,0,0,0
CP007574.1/8010959-8010789,5,31,24,56,60,3,14,11,0,13,15,16,0,13,12,15,0,0,0,0,0
JZKH01000016.1/67644-67820,5,36,29,60,52,5,15,15,0,12,12,15,0,16,11,18,0,0,0,0,0
JZKH01000004.1/62669-62493,5,35,28,58,56,3,15,13,0,11,15,18,0,18,11,14,0,0,0,0,0
MAQW01000001.1/588335-588161,5,52,38,47,38,12,9,14,0,11,8,8,0,11,12,12,0,0,0,0,0
MAQW01000001.1/588506-588678,5,49,46,44,34,10,8,12,0,8,7,6,0,11,9,10,0,0,0,0,0
CP006850.1/2106176-2106347,5,37,30,57,48,5,10,16,0,8,10,16,0,20,12,13,0,0,0,0,0
KE340355.1/498242-498414,5,55,38,41,39,15,14,12,0,9,9,9,0,11,8,8,0,0,0,0,0
KE346616.1/16397-16239,5,42,33,48,36,13,13,11,0,12,5,10,0,11,13,11,0,0,0,0,0
KE351646.1/64506-64677,5,60,40,40,32,17,10,16,0,13,4,5,0,12,11,7,0,0,0,0,0
HF952039.1/71194-71032,5,60,43,35,25,16,7,14,0,6,3,5,0,13,7,4,0,0,0,0,0
FR885231.1/125755-125598,5,41,37,49,31,8,9,12,0,12,6,5,0,12,11,15,0,0,0,0,0
AQPT01000009.1/40397-40562,5,52,46,39,29,12,9,12,0,6,6,6,0,9,8,8,0,0,0,0,0
AQPT01000164.1/3318-3157,5,54,42,39,27,17,10,13,0,9,5,5,0,10,8,9,0,0,0,0,0
CP006812.1/403889-403724,5,58,39,37,32,16,12,11,0,9,4,7,0,15,7,7,0,0,0,0,0
CP006763.1/2576395-2576561,5,55,49,37,26,14,7,12,0,5,5,5,0,10,9,6,0,0,0,0,0
CP006763.1/3983076-3983264,5,64,51,43,31,14,14,17,0,11,3,5,0,17,9,5,0,0,0,0,0
JH815222.1/784544-784702,5,49,40,44,26,13,6,17,0,10,4,5,0,13,11,8,0,0,0,0,0
AXOM01000043.1/110264-110087,5,45,42,50,41,10,10,12,0,11,8,12,0,13,10,11,0,0,0,0,0
FR888142.1/27434-27268,5,47,41,49,30,10,9,13,0,10,5,5,0,13,12,12,0,0,0,0,0
FR897019.1/24088-23929,5,52,41,40,27,12,11,12,0,11,2,9,0,16,7,8,0,0,0,0,0
CP003857.1/1277864-1277712,5,47,35,41,30,9,12,12,0,8,4,9,0,12,8,10,0,0,0,0,0
KE993488.1/88477-88644,5,52,49,34,33,11,10,9,0,9,5,6,0,10,10,6,0,0,0,0,0
BATJ01000013.1/149187-149018,5,44,42,45,39,7,11,15,0,14,5,8,0,12,9,10,0,0,0,0,0
KI271710.1/6720-6890,5,45,27,50,49,11,15,12,0,14,9,16,0,12,17,12,0,0,0,0,0
KI271705.1/3399-3561,5,41,34,51,37,7,10,12,0,10,8,12,0,14,10,13,0,0,0,0,0
FR894415.1/281-437,5,48,39,45,25,13,7,16,0,8,3,5,0,11,8,12,0,0,0,0,0
FR881530.1/20120-20282,5,42,29,55,37,8,8,16,0,11,8,11,0,12,15,14,0,0,0,0,0
FR890907.1/590-751,5,47,36,47,32,9,11,11,0,10,6,9,0,16,6,12,0,0,0,0,0
FR890857.1/4594-4752,5,43,32,45,39,11,12,9,0,11,7,13,0,12,13,11,0,0,0,0,0
FR899366.1/156732-156563,5,47,44,46,33,11,10,11,0,11,5,6,0,10,12,13,0,0,0,0,0
HF995593.1/31804-31650,5,50,36,42,27,13,10,12,0,9,3,6,0,12,9,8,0,0,0,0,0
KI273145.1/3052070-3051905,5,59,46,33,28,14,10,16,0,8,4,4,0,12,7,5,0,0,0,0,0
KI273145.1/1688203-1688364,5,54,41,38,29,17,9,12,0,8,5,5,0,11,8,9,0,0,0,0,0
KI518226.1/9600-9755,5,53,39,39,25,14,5,13,0,8,3,6,0,10,9,9,0,0,0,0,0
CP006721.1/4968034-4967864,5,51,46,43,31,13,7,13,0,5,6,8,0,11,10,9,0,0,0,0,0
AURB01000112.1/68975-69141,5,43,36,46,42,11,13,7,0,9,9,9,0,7,11,12,0,0,0,0,0
ATBB01000169.1/1206-1366,5,47,30,50,34,10,9,16,0,11,5,10,0,14,14,9,0,0,0,0,0
AUPA01000025.1/8629-8470,5,55,41,39,25,17,9,12,0,7,3,5,0,12,9,10,0,0,0,0,0
CM002128.1/1166369-1166212,5,44,38,42,34,8,12,14,0,12,4,7,0,12,8,11,0,0,0,0,0
CM002129.1/1055462-1055651,5,65,53,39,33,19,11,12,0,7,4,8,0,13,10,7,0,0,0,0,0
CM002129.1/2991258-2991088,5,55,44,40,32,13,7,16,0,9,4,5,0,10,11,7,0,0,0,0,0
ASWO01000007.1/147964-147789,5,59,46,40,31,14,10,17,0,11,5,5,0,13,7,7,0,0,0,0,0
ASWO01000007.1/137357-137192,5,60,43,35,28,17,12,13,0,7,3,9,0,14,6,6,0,0,0,0,0
AP013036.1/2258322-2258150,5,57,46,39,31,15,8,16,0,10,5,6,0,11,10,7,0,0,0,0,0
AP013036.1/1534181-1534015,5,52,45,38,32,13,11,11,0,7,5,8,0,12,8,8,0,0,0,0,0
AP013036.1/1092661-1092828,5,63,40,36,29,18,12,14,0,9,2,8,0,15,7,5,0,0,0,0,0
AP013036.1/953538-953713,5,53,44,41,38,13,12,16,0,9,4,10,0,10,11,8,0,0,0,0,0
AP013036.1/68047-67880,5,60,46,36,26,17,9,16,0,9,1,7,0,14,4,6,0,0,0,0,0
ALAN01000055.1/9270-9105,5,57,41,41,27,17,8,14,0,4,4,6,0,14,7,9,0,0,0,0,0
BAUT01000022.1/8608-8772,5,44,41,43,37,11,9,10,0,9,8,7,0,11,12,10,0,0,0,0,0
BAUU01000041.1/57-225,5,49,38,46,36,12,8,12,0,10,7,6,0,12,11,11,0,0,0,0,0
BAUU01000001.1/209777-209946,5,50,43,43,34,14,6,12,0,9,7,5,0,13,11,9,0,0,0,0,0
BAUV01000002.1/19099-18934,5,47,39,43,37,12,10,10,0,9,8,7,0,11,11,10,0,0,0,0,0
BAUV01000002.1/18488-18324,5,47,40,42,36,12,9,11,0,8,7,8,0,10,11,9,0,0,0,0,0
CP006569.1/3502598-3502766,5,47,44,44,34,7,12,15,0,8,5,10,0,13,8,10,0,0,0,0,0
KI535340.1/931428-931273,5,44,36,47,29,8,10,12,0,7,3,11,0,17,9,10,0,0,0,0,0
BAVR01000010.1/60289-60454,5,51,42,42,31,13,8,14,0,6,5,7,0,11,13,8,0,0,0,0,0
CBWK010000225.1/813-994,5,49,43,47,43,10,11,13,0,12,9,10,0,12,10,11,0,0,0,0,0
CBWQ010000460.1/1020-1201,5,49,43,47,43,10,11,13,0,12,9,10,0,12,10,11,0,0,0,0,0
CBWU010000193.1/808-989,5,49,43,47,43,10,11,13,0,12,9,10,0,12,10,11,0,0,0,0,0
HF999053.1/22620-22789,5,47,44,44,35,10,10,12,0,13,5,8,0,11,12,10,0,0,0,0,0
HF986965.1/37064-36903,5,41,37,47,37,6,8,13,0,11,8,8,0,10,12,12,0,0,0,0,0
FR884098.1/19814-19974,5,41,32,50,38,7,10,13,0,9,9,12,0,12,13,13,0,0,0,0,0
AYSH01000004.1/17491-17667,5,61,51,35,30,15,14,11,0,10,3,8,0,13,6,5,0,0,0,0,0
AYSH01000004.1/52276-52090,5,53,59,43,32,14,8,13,0,6,4,6,0,16,8,6,0,0,0,0,0
HF988625.1/328-483,5,45,32,43,36,10,10,11,0,11,9,8,0,10,11,11,0,0,0,0,0
FR883359.1/9487-9649,5,60,47,30,26,18,5,14,0,7,4,3,0,9,9,4,0,0,0,0,0
FR883671.1/5990-5821,5,45,46,48,31,9,8,12,0,11,5,6,0,14,11,12,0,0,0,0,0
HF995094.1/35677-35514,5,53,43,43,25,14,8,10,0,7,4,6,0,14,10,9,0,0,0,0,0
CBML010000006.1/1377672-1377511,5,56,47,34,25,14,7,13,0,4,3,6,0,14,6,5,0,0,0,0,0
CBML010000006.1/453989-454150,5,55,48,37,22,15,8,15,0,6,4,4,0,13,4,9,0,0,0,0,0
FR893819.1/88642-88481,5,47,36,45,34,9,13,13,0,14,5,8,0,10,8,11,0,0,0,0,0
HF998482.1/57502-57665,5,46,37,43,38,13,13,10,0,12,8,7,0,9,11,11,0,0,0,0,0
FR898775.1/6680-6835,5,49,41,38,28,11,10,10,0,7,3,8,0,13,7,8,0,0,0,0,0
FR878546.1/40527-40361,5,52,44,44,27,15,8,12,0,8,4,7,0,13,9,10,0,0,0,0,0
FR888915.1/1594-1756,5,48,40,43,32,10,9,12,0,12,5,7,0,11,12,10,0,0,0,0,0
FR888628.1/117604-117434,5,48,47,45,31,10,8,11,0,10,4,8,0,14,12,10,0,0,0,0,0
HF996147.1/14600-14438,5,42,36,50,35,8,8,13,0,10,7,10,0,13,12,12,0,0,0,0,0
HF993135.1/141936-142093,5,50,35,40,33,15,8,13,0,10,4,8,0,8,11,9,0,0,0,0,0
KE150017.1/1500589-1500758,5,50,47,43,30,11,12,11,0,9,6,6,0,11,9,11,0,0,0,0,0
JYGL01000001.1/1046308-1046152,5,47,39,40,31,10,11,13,0,9,5,7,0,12,7,11,0,0,0,0,0
LAYJ01000133.1/124612-124456,5,44,34,48,31,8,9,15,0,9,5,10,0,14,13,10,0,0,0,0,0
LAKY01000073.1/70130-70296,5,46,37,45,39,11,10,11,0,8,8,10,0,11,10,12,0,0,0,0,0
LAYO01000075.1/21238-21408,5,31,33,54,53,5,10,12,0,10,10,18,0,12,15,12,0,0,0,0,0
LBBT01000024.1/9808-9964,5,48,42,44,23,10,7,16,0,4,3,8,0,12,9,10,0,0,0,0,0
JRJU01000041.1/35518-35353,5,51,38,41,36,13,9,10,0,9,8,7,0,11,11,9,0,0,0,0,0
CP009268.1/171139-171304,5,51,50,38,27,13,10,13,0,6,5,3,0,10,5,9,0,0,0,0,0
BAZF01000014.1/67797-67965,5,48,36,46,39,11,13,13,0,10,8,9,0,11,10,12,0,0,0,0,0
JTDL01000079.1/160127-159957,5,39,23,55,54,8,11,16,0,10,14,15,0,14,15,14,0,0,0,0,0
LM995447.1/86733-86887,5,43,44,37,31,11,8,12,0,7,6,8,0,9,7,9,0,0,0,0,0
AYSO01000017.1/491181-491347,5,57,48,32,30,13,8,13,0,8,6,4,0,7,10,6,0,0,0,0,0
AYSO01000008.1/22745-22910,5,50,50,38,28,11,9,14,0,8,4,3,0,13,6,6,0,0,0,0,0
AYSO01000008.1/12570-12730,5,50,43,41,27,14,9,13,0,8,5,5,0,11,9,10,0,0,0,0,0
JXSQ01000030.1/23043-23211,5,33,31,52,53,4,10,13,0,12,10,18,0,12,15,13,0,0,0,0,0
JXSQ01000021.1/49602-49437,5,38,30,50,48,7,13,11,0,13,7,13,0,13,17,11,0,0,0,0,0
JYGU01000006.1/1243202-1243049,5,50,31,41,32,12,13,13,0,10,4,8,0,13,7,10,0,0,0,0,0
LADN01000020.1/26981-27157,5,46,48,49,34,11,9,16,0,8,5,7,0,10,10,12,0,0,0,0,0
JYIY01000065.1/63711-63543,5,33,28,57,51,6,8,13,0,7,13,17,0,14,15,15,0,0,0,0,0
JZCR01000009.1/5743-5580,5,51,40,39,34,13,9,15,0,9,5,5,0,13,11,5,0,0,0,0,0
LADP01000033.1/31318-31489,5,51,46,43,32,11,12,15,0,8,4,8,0,14,8,8,0,0,0,0,0
FO681347.1/261168-261008,5,50,55,35,21,15,7,9,0,6,2,3,0,9,6,10,0,0,0,0,0
LN774769.1/2102145-2101978,5,56,46,37,29,16,6,12,0,6,4,8,0,11,11,5,0,0,0,0,0
ARZA01000039.1/43657-43493,5,53,41,39,32,12,9,12,0,9,9,4,0,10,8,10,0,0,0,0,0
CP003273.1/1376384-1376549,5,51,39,43,33,12,11,16,0,9,5,7,0,13,9,9,0,0,0,0,0
CP003261.1/247733-247897,5,49,49,40,27,10,8,13,0,5,5,4,0,13,6,8,0,0,0,0,0
KB946293.1/911375-911548,5,50,44,44,36,10,11,16,0,8,4,9,0,14,11,7,0,0,0,0,0
KB946328.1/85672-85503,5,56,47,40,27,14,7,13,0,5,4,7,0,14,9,7,0,0,0,0,0
KB946316.1/2052640-2052807,5,60,47,35,26,17,9,13,0,7,3,7,0,13,8,5,0,0,0,0,0
KB946315.1/783184-783354,5,55,43,38,35,16,13,14,0,10,4,7,0,12,9,7,0,0,0,0,0
KB946315.1/856263-856433,5,57,44,37,33,13,11,14,0,13,4,4,0,10,10,7,0,0,0,0,0
KB946315.1/764536-764367,5,60,46,37,27,18,10,13,0,9,1,4,0,11,8,8,0,0,0,0,0
KB946315.1/216269-216437,5,58,46,38,27,15,10,16,0,8,1,7,0,11,8,8,0,0,0,0,0
KB946315.1/574876-575044,5,53,46,40,30,13,8,14,0,6,3,7,0,17,9,6,0,0,0,0,0
KB822435.1/247662-247499,5,54,37,39,34,11,14,14,0,9,4,11,0,14,7,4,0,0,0,0,0
CP004856.1/1870066-1869891,5,60,47,39,30,16,11,13,0,8,3,8,0,13,10,6,0,0,0,0,0
CP004856.1/2000042-1999871,5,55,43,40,34,12,7,16,0,11,4,4,0,10,14,7,0,0,0,0,0
KB850956.1/1800975-1800805,5,59,52,33,27,14,7,16,0,9,4,3,0,9,10,5,0,0,0,0,0
KB233222.1/325776-325949,5,55,41,42,36,9,13,16,0,9,6,11,0,18,7,7,0,0,0,0,0
CM001774.1/3406182-3406011,5,54,40,41,37,8,12,16,0,7,7,11,0,18,7,7,0,0,0,0,0
CM001773.1/3166869-3166696,5,53,39,44,38,7,13,16,0,9,7,11,0,18,7,8,0,0,0,0,0
KE136362.1/481687-481856,5,56,47,38,29,15,10,13,0,9,4,6,0,12,7,7,0,0,0,0,0
KE136357.1/357435-357603,5,61,47,37,24,19,8,14,0,6,2,7,0,13,8,6,0,0,0,0,0
KE136363.1/522931-522766,5,52,41,41,32,11,11,11,0,8,4,8,0,14,8,7,0,0,0,0,0
KE159707.1/571405-571568,5,44,35,53,32,9,10,13,0,9,4,11,0,16,9,15,0,0,0,0,0
KE136492.1/340520-340674,5,54,47,33,21,16,9,8,0,4,2,6,0,9,5,9,0,0,0,0,0
KE136354.1/542523-542693,5,51,45,40,35,10,7,14,0,10,4,6,0,13,13,6,0,0,0,0,0
KE136389.1/1058300-1058473,5,56,48,39,31,14,10,12,0,6,4,7,0,13,9,8,0,0,0,0,0
KE136516.1/802435-802600,5,53,47,37,29,14,10,11,0,8,3,7,0,12,8,8,0,0,0,0,0
KE136512.1/671426-671600,5,63,41,41,30,18,11,18,0,12,3,6,0,14,8,7,0,0,0,0,0
HF951689.1/552982-553153,5,38,45,49,40,7,9,14,0,9,9,8,0,10,10,11,0,0,0,0,0
KB372780.1/147474-147295,5,53,41,46,40,13,14,13,0,11,7,10,0,12,10,9,0,0,0,0,0
CP004345.1/3311855-3311683,5,52,37,46,38,10,12,17,0,7,6,13,0,17,9,7,0,0,0,0,0
KB291645.1/236-73,5,56,47,34,27,13,4,17,0,8,4,2,0,12,8,4,0,0,0,0,0
AFCE01000098.1/10213-10379,5,48,34,46,39,12,9,16,0,9,7,10,0,13,11,9,0,0,0,0,0
HF563609.2/760223-760391,5,50,39,46,34,16,9,11,0,7,8,9,0,14,7,12,0,0,0,0,0
CP007032.1/703152-703317,5,49,41,45,31,11,9,18,0,9,6,6,0,10,9,12,0,0,0,0,0
CP008852.1/483920-484096,5,47,47,51,32,10,11,14,0,7,6,8,0,12,8,13,0,0,0,0,0
CP008852.1/484228-484399,5,46,46,47,33,12,10,12,0,7,7,8,0,13,8,12,0,0,0,0,0
BAXA01000012.1/88365-88529,5,50,39,42,34,13,9,11,0,7,7,8,0,10,11,9,0,0,0,0,0
CP003923.1/3161414-3161581,5,48,40,43,37,10,9,12,0,9,8,7,0,11,11,9,0,0,0,0,0
BAXB01000005.1/28382-28547,5,49,40,41,36,9,10,12,0,7,7,9,0,13,11,7,0,0,0,0,0
CBWL010000401.1/818-999,5,49,43,47,43,10,11,13,0,12,9,10,0,12,10,11,0,0,0,0,0
CBWP010000003.1/48040-48223,5,50,42,46,46,9,13,13,0,14,10,10,0,13,9,10,0,0,0,0,0
AODH01000013.1/68702-68535,5,52,42,41,33,14,11,12,0,10,5,6,0,11,10,10,0,0,0,0,0
AODK01000022.1/64948-64779,5,50,44,41,35,13,9,11,0,12,8,5,0,10,10,8,0,0,0,0,0
AOCG01000006.1/255482-255310,5,53,47,41,32,15,8,10,0,9,8,6,0,9,10,9,0,0,0,0,0
AODE01000023.1/59504-59333,5,52,48,39,33,14,9,9,0,9,8,5,0,10,8,8,0,0,0,0,0
JAQV02000024.1/81067-80903,5,45,41,44,35,11,8,11,0,10,5,7,0,12,11,10,0,0,0,0,0
JPMD01000022.1/43359-43518,5,53,43,35,29,14,13,12,0,8,4,6,0,11,8,8,0,0,0,0,0
JMPL01000155.1/4003-4186,5,54,46,46,38,13,10,13,0,12,6,9,0,13,7,11,0,0,0,0,0
JAOC01000010.1/1009603-1009776,5,41,24,55,54,9,11,15,0,12,13,14,0,13,17,13,0,0,0,0,0
JAOC01000010.1/773589-773759,5,33,29,58,51,5,11,15,0,8,13,15,0,13,14,16,0,0,0,0,0
JAOC01000010.1/1009324-1009151,5,41,24,54,55,9,11,15,0,13,14,13,0,12,16,13,0,0,0,0,0
JAOC01000005.1/127032-127203,5,37,30,58,47,6,10,14,0,10,9,15,0,16,14,15,0,0,0,0,0
JAOJ01000003.1/1419323-1419153,5,35,28,57,51,3,11,17,0,10,11,16,0,18,13,13,0,0,0,0,0
JAOJ01000002.1/1711385-1711217,5,37,30,56,46,5,14,15,0,8,9,14,0,18,11,13,0,0,0,0,0
APVG01000054.1/22038-22207,5,42,35,50,43,7,11,13,0,14,7,11,0,11,12,13,0,0,0,0,0
AZQP01000005.1/5876-6037,5,61,45,32,24,18,5,14,0,7,3,4,0,11,7,4,0,0,0,0,0
CP007519.1/430094-429920,5,43,46,51,35,5,12,15,0,10,7,10,0,17,7,13,0,0,0,0,0
JANL01000006.1/136744-136574,5,56,42,40,33,13,8,17,0,10,7,3,0,16,8,8,0,0,0,0,0
JANL01000036.1/59419-59261,5,50,38,43,28,11,12,12,0,10,4,5,0,11,7,10,0,0,0,0,0
BAWA01000004.1/84053-84219,5,48,40,42,37,10,9,11,0,10,8,7,0,11,11,9,0,0,0,0,0
CBXI010000044.1/8042-8208,5,52,51,34,30,13,6,11,0,8,7,4,0,10,10,5,0,0,0,0,0
CBXI010000023.1/51633-51800,5,54,53,32,29,14,9,12,0,8,6,3,0,5,9,7,0,0,0,0,0
BAKI01000052.1/2278-2113,5,59,40,36,31,18,10,14,0,9,2,5,0,10,11,4,0,0,0,0,0
CP007448.1/1616446-1616615,5,55,38,41,36,8,13,18,0,11,5,8,0,14,8,9,0,0,0,0,0
JRNL01000103.1/56803-56650,5,51,30,40,33,12,13,13,0,10,4,9,0,13,7,10,0,0,0,0,0
AZTB01000116.1/628-784,5,57,32,38,30,14,8,16,0,9,8,2,0,11,9,10,0,0,0,0,0
JNEZ01000048.1/78198-78027,5,52,47,41,32,13,8,11,0,9,9,5,0,11,8,8,0,0,0,0,0
CP009706.1/2004788-2004972,5,61,45,41,38,14,12,14,0,13,7,8,0,13,7,8,0,0,0,0,0
JMFY01000015.1/7238-7403,5,55,50,35,26,13,6,13,0,6,5,3,0,8,9,7,0,0,0,0,0
JMFY01000001.1/151001-151166,5,53,49,35,29,15,9,11,0,6,5,6,0,10,8,7,0,0,0,0,0
JMFY01000056.1/5794-5955,5,54,42,39,27,17,8,11,0,7,4,4,0,12,9,9,0,0,0,0,0
JGYK01000001.1/297714-297555,5,41,23,51,45,12,10,11,0,12,9,15,0,13,15,12,0,0,0,0,0
JGZO01000034.1/53749-53905,5,35,31,52,39,5,9,13,0,10,7,12,0,13,16,11,0,0,0,0,0
JGZR01000001.1/215705-215548,5,43,27,50,38,10,8,15,0,11,6,12,0,15,16,10,0,0,0,0,0
JGZE01000014.1/3915-3758,5,41,31,47,39,8,10,13,0,15,4,10,0,9,15,11,0,0,0,0,0
JPUW01000021.1/36173-36010,5,54,42,38,30,15,8,11,0,9,5,5,0,10,7,7,0,0,0,0,0
JPUW01000021.1/36434-36271,5,51,45,36,32,13,6,13,0,7,6,5,0,12,8,6,0,0,0,0,0
JPZM01000010.1/55322-55156,5,46,43,46,32,11,6,15,0,7,6,8,0,14,9,8,0,0,0,0,0
JPVT01000192.1/2635-2471,5,53,40,39,33,16,11,12,0,6,8,6,0,11,7,9,0,0,0,0,0
CP003355.1/1962361-1962186,5,53,39,46,38,13,9,13,0,12,9,5,0,11,11,13,0,0,0,0,0
CP003355.1/1690916-1691088,5,54,42,43,34,12,11,15,0,6,7,7,0,14,7,11,0,0,0,0,0
CP003355.1/2613071-2613235,5,51,38,43,33,15,7,15,0,6,7,5,0,12,9,9,0,0,0,0,0
BALG01000186.1/52686-52517,5,53,39,44,34,15,10,14,0,6,7,7,0,12,10,12,0,0,0,0,0
BALG01000255.1/6843-7015,5,50,43,46,34,13,7,14,0,8,6,5,0,11,13,12,0,0,0,0,0
CP009531.1/1563090-1562925,5,61,34,38,33,17,12,12,0,10,5,10,0,12,8,6,0,0,0,0,0
CP009458.1/4452494-4452322,5,47,39,48,39,7,12,16,0,8,7,12,0,16,9,10,0,0,0,0,0
BBJM01000030.1/5792-5625,5,60,38,35,35,18,12,12,0,7,6,8,0,9,11,6,0,0,0,0,0
JPEN01000012.1/2661-2813,5,46,36,39,32,10,11,13,0,11,5,7,0,10,7,10,0,0,0,0,0
CP007595.1/3369850-3370032,5,38,40,59,46,7,7,15,0,10,9,12,0,12,16,15,0,0,0,0,0
CP018906.1/971334-971169,5,57,43,34,32,19,12,10,0,8,2,7,0,8,11,5,0,0,0,0,0
JQID01000071.1/41119-41284,5,49,37,44,36,11,8,17,0,10,6,6,0,10,11,11,0,0,0,0,0
CP006905.1/739456-739300,5,45,45,42,25,11,7,12,0,7,3,7,0,11,9,10,0,0,0,0,0
KI271582.1/185742-185902,5,44,38,38,41,13,11,10,0,10,6,11,0,9,12,5,0,0,0,0,0
JQCA01000112.1/2447-2279,5,51,45,39,34,15,9,12,0,6,4,8,0,10,12,6,0,0,0,0,0
LMPL01000001.1/827473-827647,5,35,29,54,57,5,12,13,0,11,15,18,0,11,15,15,0,0,0,0,0
AZEY01000013.1/55064-55227,5,55,38,39,32,16,10,14,0,9,3,6,0,10,11,6,0,0,0,0,0
LGAA01000014.1/70518-70690,5,53,39,43,38,8,11,15,0,8,7,13,0,17,7,7,0,0,0,0,0
LGGM01000050.1/19154-18987,5,58,45,37,28,15,9,12,0,6,2,7,0,12,9,9,0,0,0,0,0
JZWZ01000064.1/31981-32155,5,32,27,59,57,3,12,13,0,11,15,16,0,16,12,16,0,0,0,0,0
LGIT01000017.1/19512-19694,5,54,47,44,38,8,11,14,0,13,6,7,0,15,8,10,0,0,0,0,0
LOEZ01000027.1/41550-41712,5,47,44,43,29,10,5,15,0,6,5,5,0,13,10,9,0,0,0,0,0
JQAZ01000001.1/393416-393252,5,53,45,34,33,14,10,11,0,8,4,7,0,12,11,4,0,0,0,0,0
JQBS01000035.1/394056-393891,5,54,45,38,29,13,6,11,0,8,4,6,0,13,10,6,0,0,0,0,0
AYZQ01000001.1/249633-249794,5,46,42,39,35,12,9,11,0,7,5,7,0,12,12,6,0,0,0,0,0
AZGJ01000048.1/9494-9662,5,54,42,40,33,15,8,11,0,8,6,7,0,9,12,7,0,0,0,0,0
JQAW01000072.1/86961-87124,5,56,46,37,25,16,6,17,0,7,2,6,0,14,7,5,0,0,0,0,0
LOHP01000017.1/25942-26110,5,31,28,55,55,4,10,13,0,10,11,18,0,12,16,14,0,0,0,0,0
LOHP01000074.1/52730-52896,5,37,32,52,46,7,13,12,0,12,5,13,0,13,17,12,0,0,0,0,0
LOER01000031.1/42467-42635,5,49,41,47,32,12,11,15,0,9,5,7,0,14,7,10,0,0,0,0,0
LKIE01000050.1/31449-31614,5,52,42,36,36,13,11,10,0,10,6,8,0,10,8,7,0,0,0,0,0
AZEU01000018.1/113700-113539,5,45,44,39,34,12,8,11,0,9,6,7,0,11,12,6,0,0,0,0,0
AZDJ01000001.1/298883-299045,5,45,40,41,37,11,9,12,0,7,5,8,0,12,15,6,0,0,0,0,0
AYYK01000022.1/15166-14989,5,61,42,40,35,16,16,15,0,12,5,6,0,12,7,7,0,0,0,0,0
AYYR01000093.1/1363-1198,5,51,37,41,37,15,10,11,0,4,6,12,0,11,12,7,0,0,0,0,0
LJJC01000004.1/1342085-1342253,5,51,40,47,31,12,7,17,0,7,5,6,0,13,10,10,0,0,0,0,0
LGGF01000052.1/723-567,5,47,37,40,33,13,12,9,0,9,7,6,0,8,7,11,0,0,0,0,0
LGPB01000068.1/75781-75616,5,46,41,44,35,12,7,13,0,8,7,6,0,13,10,11,0,0,0,0,0
LGGU01000004.1/45355-45542,5,54,46,54,34,14,10,13,0,10,6,11,0,18,9,14,0,0,0,0,0
LPVJ01000018.1/61175-61010,5,45,34,49,38,11,12,10,0,7,5,12,0,13,14,12,0,0,0,0,0
LGFZ01000017.1/41518-41351,5,46,37,50,35,11,11,13,0,9,6,9,0,13,11,13,0,0,0,0,0
LGPD01000002.1/356436-356601,5,46,41,44,35,12,7,13,0,8,7,6,0,13,10,11,0,0,0,0,0
JQCE01000005.1/209198-209035,5,47,44,39,34,13,10,11,0,7,3,7,0,11,12,7,0,0,0,0,0
AZFM01000009.1/40082-40245,5,53,36,40,35,10,14,13,0,10,4,11,0,14,8,5,0,0,0,0,0
AZGB01000030.1/57301-57471,5,62,47,34,28,17,9,14,0,9,4,6,0,10,8,6,0,0,0,0,0
AYZH01000014.1/60274-60439,5,56,39,38,33,16,11,14,0,8,4,7,0,10,10,7,0,0,0,0,0
AZFX01000010.1/41924-41753,5,56,42,40,34,14,12,15,0,12,6,4,0,12,7,8,0,0,0,0,0
AZEC01000002.1/171312-171147,5,47,40,39,40,11,11,11,0,11,5,6,0,13,11,6,0,0,0,0,0
AYZL01000016.1/186307-186138,5,52,50,38,30,12,9,14,0,12,5,5,0,11,9,6,0,0,0,0,0
AYZM01000170.1/2408-2243,5,55,38,38,35,16,9,12,0,5,5,11,0,9,12,6,0,0,0,0,0
AZEE01000027.1/595847-596012,5,55,37,39,35,17,9,11,0,4,5,12,0,9,12,7,0,0,0,0,0
AZCZ01000049.1/10374-10544,5,53,43,39,36,16,11,12,0,7,5,9,0,9,11,6,0,0,0,0,0
AZGI01000005.1/157540-157377,5,53,35,40,36,10,14,14,0,10,5,12,0,15,7,4,0,0,0,0,0
AZGA01000002.1/163585-163423,5,50,46,33,34,12,8,9,0,8,4,6,0,12,8,5,0,0,0,0,0
AZGA01000009.1/8642-8480,5,56,37,38,32,13,12,17,0,9,4,7,0,12,10,4,0,0,0,0,0
AYZR01000009.1/290295-290460,5,51,49,36,30,15,10,10,0,5,2,7,0,9,11,5,0,0,0,0,0
AZEX01000070.1/91346-91181,5,51,44,36,35,14,11,12,0,10,5,7,0,13,10,5,0,0,0,0,0
CTRP01000014.1/108713-108543,5,55,41,42,33,15,12,14,0,6,5,8,0,12,8,9,0,0,0,0,0
CELZ01000032.1/6761-6596,5,44,40,44,38,9,10,12,0,9,7,9,0,9,11,10,0,0,0,0,0
CELZ01000036.1/36742-36577,5,44,40,44,38,9,10,12,0,9,7,9,0,9,11,10,0,0,0,0,0
LKET01000012.1/29869-30030,5,51,37,46,28,15,9,14,0,8,5,4,0,12,11,13,0,0,0,0,0
LJCO01000015.1/23557-23721,5,44,36,45,40,9,11,11,0,10,9,9,0,7,12,11,0,0,0,0,0
LJCO01000008.1/115149-115314,5,42,35,50,39,10,13,9,0,8,8,12,0,10,11,12,0,0,0,0,0
LJCO01000091.1/6919-7085,5,39,39,50,39,9,11,10,0,7,7,13,0,9,11,13,0,0,0,0,0
AYZB01000006.1/78276-78111,5,50,45,35,36,14,12,9,0,9,5,8,0,13,10,4,0,0,0,0,0
AYZJ01000009.1/13846-13685,5,44,42,40,36,11,6,11,0,8,6,7,0,10,16,6,0,0,0,0,0
AZDP01000028.1/2427-2262,5,54,40,36,36,16,11,13,0,8,5,7,0,10,11,5,0,0,0,0,0
AZCX01000015.1/35969-36135,5,55,35,39,38,17,11,13,0,6,7,10,0,9,12,6,0,0,0,0,0
AZDW01000050.1/2485-2322,5,51,40,39,34,14,11,12,0,8,4,7,0,10,11,7,0,0,0,0,0
AZFW01000032.1/166374-166212,5,43,39,41,40,11,10,11,0,8,7,10,0,13,12,5,0,0,0,0,0
MIJY01000047.1/167310-167140,5,57,44,37,33,13,11,14,0,13,4,4,0,10,10,7,0,0,0,0,0
MIJY01000001.1/531686-531517,5,60,45,39,26,18,10,14,0,10,1,4,0,13,8,8,0,0,0,0,0
MIJY01000002.1/53476-53644,5,60,42,38,29,18,10,16,0,10,1,7,0,10,10,8,0,0,0,0,0
MIJY01000001.1/366623-366791,5,54,44,41,30,13,8,15,0,6,3,7,0,17,9,7,0,0,0,0,0
MIEK01000015.1/30328-30155,5,58,48,38,30,14,10,15,0,11,4,5,0,10,9,7,0,0,0,0,0
MIEK01000019.1/20721-20553,5,58,45,41,25,16,10,16,0,9,1,4,0,11,8,8,0,0,0,0,0
MIEK01000006.1/14126-14294,5,56,53,35,25,16,6,14,0,5,3,5,0,12,8,6,0,0,0,0,0
CYZR01000003.1/170124-170289,5,58,47,35,26,15,7,14,0,8,4,3,0,7,10,8,0,0,0,0,0
CYZX01000007.1/137909-138070,5,58,50,31,23,15,4,12,0,4,3,3,0,10,8,4,0,0,0,0,0
LSFY01000001.1/332551-332722,5,60,43,40,29,17,8,15,0,8,3,6,0,14,9,8,0,0,0,0,0
MAPZ01000016.1/15819-15984,5,61,47,34,24,19,5,15,0,7,4,3,0,10,8,6,0,0,0,0,0
MAPZ01000019.1/186274-186113,5,52,43,40,27,16,9,13,0,8,5,7,0,10,9,10,0,0,0,0,0
CP016895.1/3442639-3442811,5,58,41,41,33,17,11,13,0,8,6,8,0,13,8,7,0,0,0,0,0
LVZN01000045.1/44052-43898,5,51,35,39,30,13,8,11,0,10,4,7,0,8,10,9,0,0,0,0,0
LZKJ01000060.1/5430-5598,5,34,31,57,47,5,9,15,0,7,12,15,0,14,13,14,0,0,0,0,0
LZKJ01000131.1/2199-2369,5,38,26,55,52,7,11,15,0,11,12,14,0,13,16,13,0,0,0,0,0
LZKJ01000116.1/19786-19959,5,34,28,60,52,4,9,15,0,9,12,19,0,17,16,13,0,0,0,0,0
LZKJ01000128.1/504-334,5,36,31,57,47,6,11,14,0,10,11,13,0,14,12,15,0,0,0,0,0
LWMN01000010.1/69181-69348,5,61,46,36,25,18,9,14,0,7,2,7,0,12,8,6,0,0,0,0,0
LWMN01000017.1/53003-52827,5,59,47,42,29,15,9,16,0,10,3,6,0,13,8,9,0,0,0,0,0
LYVF01000069.1/40516-40688,5,46,35,49,43,11,9,15,0,10,10,9,0,11,13,11,0,0,0,0,0
LYVF01000069.1/41317-41489,5,44,33,51,45,9,9,15,0,10,11,11,0,12,14,12,0,0,0,0,0
LYVF01000172.1/14092-14266,5,47,41,49,38,9,12,14,0,10,6,8,0,12,12,13,0,0,0,0,0
MIHD01000041.1/2128-1958,5,35,27,57,52,5,12,14,0,11,12,15,0,15,15,14,0,0,0,0,0
MIHD01000019.1/9314-9144,5,34,29,56,52,6,11,16,0,11,13,13,0,14,15,13,0,0,0,0,0
MIHD01000001.1/72668-72499,5,34,28,58,50,6,11,15,0,11,11,17,0,13,16,15,0,0,0,0,0
MIHE01000017.1/76407-76237,5,33,31,58,49,5,10,15,0,7,12,16,0,13,14,14,0,0,0,0,0
MIHE01000028.1/49246-49076,5,36,32,56,47,6,11,13,0,9,10,13,0,13,14,15,0,0,0,0,0
MIHE01000028.1/51339-51169,5,35,30,58,48,5,11,14,0,10,11,13,0,14,13,16,0,0,0,0,0
MIJE01000004.1/9818-9982,5,50,38,42,35,12,10,11,0,9,7,9,0,11,9,9,0,0,0,0,0
CP012502.1/3403724-3403890,5,45,34,45,43,11,10,11,0,12,8,11,0,9,15,10,0,0,0,0,0
CP012502.1/3043017-3043184,5,47,36,45,40,12,9,11,0,11,8,7,0,12,12,9,0,0,0,0,0
LZLJ01000083.1/102234-102402,5,34,26,56,53,7,11,14,0,11,12,17,0,12,16,13,0,0,0,0,0
LZLJ01000048.1/39544-39374,5,37,27,55,52,5,13,14,0,13,11,14,0,14,14,13,0,0,0,0,0
LZLJ01000062.1/234524-234340,5,36,34,62,53,5,13,14,0,9,12,16,0,14,11,18,0,0,0,0,0
LGFV01000001.1/39208-39005,5,42,30,69,63,9,12,13,0,12,13,22,0,13,24,18,0,0,0,0,0
LOES01000084.1/1380-1212,5,49,42,45,33,11,7,14,0,8,7,7,0,14,12,8,0,0,0,0,0
CP011005.1/2230656-2230486,5,37,33,52,49,6,11,13,0,14,9,12,0,12,16,13,0,0,0,0,0
CP011005.1/3521802-3521971,5,41,22,53,54,6,12,13,0,10,15,16,0,18,12,14,0,0,0,0,0
BCMU01000005.1/282944-282776,5,50,37,47,35,14,9,13,0,9,8,8,0,13,9,12,0,0,0,0,0
CP014163.1/908345-908512,5,54,42,39,33,16,9,15,0,9,7,6,0,13,10,6,0,0,0,0,0
BBUD01000855.1/521-695,5,33,28,60,54,5,9,13,0,11,15,17,0,12,15,17,0,0,0,0,0
LCVM01000377.1/1598-1426,5,52,36,47,38,9,12,18,0,8,6,13,0,17,9,8,0,0,0,0,0
CP010796.1/2468445-2468610,5,58,40,39,29,17,8,11,0,7,4,7,0,15,8,8,0,0,0,0,0
CP010796.1/451219-451382,5,50,38,43,33,14,11,13,0,8,6,6,0,11,9,9,0,0,0,0,0
CP014140.1/2558142-2558309,5,43,39,47,39,9,10,14,0,10,7,9,0,12,11,11,0,0,0,0,0
CP014223.1/1837227-1837068,5,53,36,44,27,12,9,14,0,8,5,6,0,14,7,11,0,0,0,0,0
CP014222.1/1711403-1711573,5,49,36,44,42,9,12,16,0,15,6,10,0,13,12,9,0,0,0,0,0
AP014719.1/3314239-3314412,5,33,28,60,53,5,9,13,0,11,14,17,0,12,15,17,0,0,0,0,0
CP014159.1/431952-431773,5,60,47,40,33,16,11,16,0,11,5,6,0,13,7,5,0,0,0,0,0
CP012479.1/2213021-2213186,5,34,30,50,52,5,12,13,0,14,14,7,0,11,11,14,0,0,0,0,0
KQ965496.1/15802-15961,5,41,41,47,31,8,7,13,0,9,4,11,0,13,14,9,0,0,0,0,0
KQ969506.1/726857-726704,5,47,35,39,33,9,12,14,0,12,4,7,0,13,7,10,0,0,0,0,0
LOEE01000028.1/53348-53510,5,57,40,38,28,17,3,16,0,11,4,3,0,12,11,7,0,0,0,0,0
CP014160.1/895819-895983,5,51,44,40,30,13,8,13,0,7,6,4,0,12,9,7,0,0,0,0,0
CP014518.1/3139385-3139559,5,34,24,58,59,7,11,14,0,11,16,17,0,12,15,16,0,0,0,0,0
LSRF01000058.1/864061-863893,5,32,26,59,52,6,9,11,0,9,12,21,0,15,16,15,0,0,0,0,0
LFIL01000002.1/155239-155408,5,50,41,47,32,12,10,11,0,9,7,7,0,12,11,12,0,0,0,0,0
LTBA01000012.1/7848-8008,5,50,47,34,30,12,6,12,0,8,6,5,0,9,9,6,0,0,0,0,0
LOHZ01000030.1/25005-24848,5,42,41,42,33,12,6,15,0,7,6,6,0,8,15,11,0,0,0,0,0
LQWY01000034.1/19709-19871,5,51,42,39,31,13,10,10,0,8,4,6,0,9,8,9,0,0,0,0,0
KQ969393.1/174854-175009,5,47,37,40,32,12,9,12,0,10,5,7,0,12,9,9,0,0,0,0,0
LSRI01000001.1/314445-314270,5,30,30,63,53,5,9,11,0,7,12,23,0,14,18,15,0,0,0,0,0
LQZC01000011.1/199291-199140,5,52,29,39,32,13,13,13,0,10,4,8,0,12,8,10,0,0,0,0,0
KQ969158.1/119316-119159,5,51,35,37,35,12,15,12,0,11,3,7,0,14,7,8,0,0,0,0,0
LZFO01000033.1/14185-14021,5,57,51,31,26,14,10,9,0,5,4,5,0,9,6,7,0,0,0,0,0
BANU01000034.1/37504-37327,5,38,33,52,55,8,14,14,0,11,10,19,0,15,12,11,0,0,0,0,0
CP009687.1/3274810-3274643,5,58,41,43,26,14,6,18,0,9,3,4,0,15,9,10,0,0,0,0,0
CP009687.1/3276633-3276461,5,58,43,39,33,14,11,15,0,11,5,5,0,13,8,9,0,0,0,0,0
AP014808.1/242925-243085,5,54,35,39,33,12,14,12,0,10,5,10,0,12,6,7,0,0,0,0,0
LGSS01000014.1/45063-44903,5,46,40,43,32,13,12,12,0,8,6,5,0,11,9,10,0,0,0,0,0
LFXJ01000008.1/411380-411545,5,52,42,39,33,15,7,12,0,7,6,8,0,11,8,7,0,0,0,0,0
LDXJ01000047.1/49412-49578,5,46,38,48,35,11,14,13,0,8,3,10,0,11,9,14,0,0,0,0,0
LDXJ01000058.1/86805-86639,5,46,42,46,33,9,10,14,0,8,5,7,0,11,11,10,0,0,0,0,0
LDUR01000043.1/64082-63909,5,45,38,49,42,6,11,16,0,12,5,13,0,14,13,10,0,0,0,0,0
CP007653.1/1761837-1762006,5,44,39,48,39,8,10,15,0,14,5,9,0,14,11,10,0,0,0,0,0
CP011974.1/649645-649811,5,52,41,41,33,14,9,11,0,7,7,7,0,10,9,9,0,0,0,0,0
LDPR01000006.1/92175-92345,5,36,33,54,48,6,11,12,0,9,13,13,0,12,12,15,0,0,0,0,0
LDPR01000007.1/211954-211778,5,38,32,57,50,6,10,15,0,9,12,14,0,16,14,13,0,0,0,0,0
LDPR01000008.1/139738-139564,5,36,32,58,49,5,10,16,0,11,12,13,0,15,11,14,0,0,0,0,0
CP012024.1/1238796-1238628,5,54,38,43,34,14,9,14,0,9,6,5,0,11,10,10,0,0,0,0,0
LGYO01000018.1/2392-2229,5,43,46,43,32,10,10,9,0,8,5,6,0,10,9,10,0,0,0,0,0
LITN01000001.1/58718-58886,5,50,44,43,32,12,8,15,0,7,7,5,0,11,9,11,0,0,0,0,0
AKZN01000067.1/31176-31010,5,45,37,47,38,11,12,11,0,8,5,12,0,9,12,12,0,0,0,0,0
BAEH01000094.1/58208-58032,5,39,32,55,51,7,13,14,0,11,9,18,0,13,15,13,0,0,0,0,0
LGKI01000367.1/95563-95725,5,46,37,44,36,10,6,17,0,8,6,7,0,15,11,9,0,0,0,0,0
CPYD01000001.1/424171-423998,5,51,44,43,36,8,12,15,0,10,4,8,0,15,9,10,0,0,0,0,0
LJCU01000280.1/148809-148632,5,33,29,61,55,3,14,14,0,11,14,15,0,15,11,18,0,0,0,0,0
GL342241.1/3509-3338,5,52,43,40,37,7,13,15,0,9,6,12,0,16,6,6,0,0,0,0,0
AJGR01000120.1/69224-69391,5,31,29,54,54,4,10,12,0,8,13,18,0,14,14,13,0,0,0,0,0
JH414968.1/2454-2290,5,55,41,38,31,16,11,14,0,8,2,6,0,9,11,6,0,0,0,0,0
AGUG01000005.1/11393-11219,5,57,44,41,33,16,9,11,0,12,7,5,0,10,10,10,0,0,0,0,0
AGUG01000156.1/17-184,5,56,40,42,30,16,10,14,0,6,5,7,0,11,8,9,0,0,0,0,0
JH591003.1/4106-3943,5,53,39,39,33,14,10,12,0,9,3,6,0,9,11,6,0,0,0,0,0
AAWL01000016.1/43438-43265,5,46,46,48,34,8,11,14,0,9,7,7,0,10,9,13,0,0,0,0,0
CM000953.1/175641-175478,5,51,38,39,36,11,15,12,0,13,5,9,0,11,7,6,0,0,0,0,0
AP012044.1/585178-585015,5,48,37,48,31,12,8,13,0,10,5,8,0,13,12,12,0,0,0,0,0
CP003629.1/4816013-4816178,5,46,39,44,37,8,11,16,0,9,6,7,0,12,10,9,0,0,0,0,0
CP003583.1/641269-641443,5,59,44,42,30,15,10,17,0,10,3,6,0,14,8,8,0,0,0,0,0
CP003583.1/1449700-1449534,5,52,47,38,30,15,9,11,0,6,5,7,0,11,8,7,0,0,0,0,0
GL982999.1/332901-333067,5,50,45,41,31,9,7,15,0,7,6,5,0,13,8,9,0,0,0,0,0
CP007806.1/2814878-2815053,5,51,46,45,34,12,9,15,0,7,6,6,0,12,8,11,0,0,0,0,0
GG694015.1/149060-149215,5,50,38,40,28,9,9,14,0,9,4,7,0,16,6,8,0,0,0,0,0
AENN01000020.1/11303-11147,5,43,47,42,25,9,7,13,0,5,4,7,0,9,10,9,0,0,0,0,0
DS264286.1/263157-262988,5,46,55,42,27,10,7,11,0,6,5,7,0,11,9,10,0,0,0,0,0
GL397067.1/401049-400878,5,58,48,39,27,17,8,14,0,9,2,5,0,11,9,8,0,0,0,0,0
GL987995.1/518004-518165,5,53,36,41,32,12,8,12,0,12,5,7,0,10,11,11,0,0,0,0,0
AFQU01000001.1/684575-684419,5,48,37,39,33,11,11,12,0,10,5,7,0,11,8,11,0,0,0,0,0
CP003065.1/4714625-4714458,5,55,45,39,29,15,12,13,0,7,5,5,0,10,7,8,0,0,0,0,0
AFUT01000008.1/225186-225033,5,51,31,40,32,12,13,13,0,10,4,9,0,13,6,10,0,0,0,0,0
ACZO01000006.1/330738-330907,5,44,43,45,38,8,10,13,0,13,5,9,0,13,10,10,0,0,0,0,0
AFUU01000003.1/860417-860266,5,51,30,39,32,13,12,13,0,10,5,7,0,12,8,10,0,0,0,0,0
CP002394.1/3737057-3736896,5,47,43,42,30,11,8,12,0,9,5,5,0,12,9,8,0,0,0,0,0
CP002394.1/3739709-3739545,5,45,38,44,38,11,9,10,0,9,8,8,0,11,11,11,0,0,0,0,0
AE016830.1/1268265-1268435,5,59,44,39,29,18,9,15,0,7,3,7,0,12,10,7,0,0,0,0,0
AE016830.1/3116366-3116532,5,61,40,37,29,17,8,14,0,7,5,6,0,14,8,7,0,0,0,0,0
AE016830.1/1024864-1024697,5,54,48,40,26,13,8,18,0,9,2,4,0,14,7,6,0,0,0,0,0
AE016830.1/1027779-1027612,5,56,48,36,28,14,8,17,0,8,3,6,0,15,5,6,0,0,0,0,0
AE016830.1/1323290-1323457,5,51,48,40,29,12,6,13,0,5,4,6,0,15,9,7,0,0,0,0,0
AE016825.1/3525127-3525291,5,43,36,45,41,7,12,14,0,11,6,13,0,14,11,10,0,0,0,0,0
CP002104.1/1491224-1491064,5,43,32,47,39,12,15,12,0,14,5,11,0,11,12,11,0,0,0,0,0
CR954253.1/286991-287154,5,52,38,39,35,11,11,14,0,12,5,8,0,11,10,5,0,0,0,0,0
AE016822.1/2178766-2178596,5,36,28,55,52,5,12,14,0,10,12,15,0,16,13,13,0,0,0,0,0
CP001348.1/2365884-2365715,5,55,46,42,27,14,7,14,0,7,5,5,0,11,7,9,0,0,0,0,0
CP000813.3/1287637-1287800,5,50,42,39,33,11,7,12,0,11,6,5,0,13,11,7,0,0,0,0,0
CP001095.1/485733-485576,5,36,30,52,40,8,9,11,0,11,6,13,0,12,17,12,0,0,0,0,0
CP000423.1/1285762-1285925,5,42,44,41,37,11,7,11,0,7,4,8,0,10,17,6,0,0,0,0,0
CP000416.1/2122885-2122722,5,60,44,35,25,18,9,15,0,8,2,5,0,13,7,5,0,0,0,0,0
CP000416.1/93409-93243,5,53,38,40,36,15,11,15,0,7,4,9,0,12,12,5,0,0,0,0,0
CP001034.1/3063723-3063914,5,53,49,48,42,12,9,15,0,8,8,9,0,11,12,10,0,0,0,0,0
CP001875.2/1830423-1830596,5,52,44,42,36,10,12,15,0,10,5,8,0,15,8,10,0,0,0,0,0
CP001055.1/1153179-1153336,5,53,35,39,31,15,11,11,0,9,4,7,0,12,7,11,0,0,0,0,0
CP000478.1/2956592-2956762,5,49,37,48,37,12,10,12,0,10,6,10,0,11,12,11,0,0,0,0,0
CP000478.1/2034435-2034257,5,43,33,59,44,10,10,16,0,11,7,12,0,13,15,16,0,0,0,0,0
CP001859.1/895386-895547,5,42,30,50,40,8,8,15,0,12,8,10,0,9,15,13,0,0,0,0,0
CP001727.1/2253817-2253654,5,39,35,48,42,9,13,10,0,9,9,11,0,7,13,13,0,0,0,0,0
AP008232.1/1074084-1073916,5,46,44,45,34,7,12,15,0,8,5,10,0,13,8,10,0,0,0,0,0
CP001878.2/2800102-2799935,5,45,42,45,36,11,7,12,0,9,8,6,0,11,11,10,0,0,0,0,0
CP002801.1/743460-743627,5,28,27,62,51,3,11,12,0,10,12,14,0,12,15,18,0,0,0,0,0
CP000612.1/2523319-2523491,5,43,48,46,36,7,10,12,0,8,7,6,0,11,9,12,0,0,0,0,0
AL009126.3/1395616-1395781,5,47,41,41,37,11,7,11,0,10,7,6,0,11,13,8,0,0,0,0,0
CP000724.1/3301490-3301319,5,60,43,40,29,16,9,16,0,9,4,5,0,14,8,8,0,0,0,0,0
AL123456.3/1735509-1735678,5,34,29,58,49,5,13,14,0,8,11,16,0,15,13,16,0,0,0,0,0
AL123456.3/2047595-2047769,5,35,29,60,51,6,9,14,0,8,12,16,0,14,17,16,0,0,0,0,0
CP000725.1/1695618-1695462,5,47,38,40,32,11,11,12,0,10,5,6,0,10,8,11,0,0,0,0,0
AP006627.1/810916-810751,5,48,41,40,37,11,8,12,0,11,8,6,0,8,13,9,0,0,0,0,0
CP001056.1/1473093-1473254,5,54,44,40,24,14,6,13,0,7,3,8,0,13,10,9,0,0,0,0,0
CP001966.1/2592315-2592145,5,37,26,58,50,4,12,16,0,9,11,19,0,20,12,12,0,0,0,0,0
CP001966.1/3417963-3418138,5,29,27,65,55,6,8,11,0,8,12,23,0,13,21,15,0,0,0,0,0
BA000004.3/3340549-3340386,5,51,39,38,36,14,8,10,0,12,7,5,0,10,10,7,0,0,0,0,0
BA000004.3/3341002-3340837,5,45,41,45,35,10,8,11,0,10,6,7,0,11,11,8,0,0,0,0,0
BA000004.3/2041941-2042106,5,44,39,43,40,11,9,11,0,10,8,9,0,9,12,9,0,0,0,0,0
AJLS01000035.1/19590-19755,5,52,43,41,30,15,7,14,0,4,5,7,0,14,8,8,0,0,0,0,0
CP000033.3/206473-206636,5,53,36,40,35,11,15,13,0,9,5,12,0,13,7,5,0,0,0,0,0
CM000733.1/1301442-1301279,5,49,44,43,28,13,7,14,0,5,4,6,0,12,8,9,0,0,0,0,0
CP000698.1/2388949-2388777,5,50,43,43,37,13,11,13,0,10,6,9,0,10,10,9,0,0,0,0,0
CP000482.1/1208117-1207951,5,44,34,44,45,13,10,11,0,13,11,9,0,8,14,11,0,0,0,0,0
CP003043.1/2299238-2299403,5,55,40,39,32,17,10,14,0,9,3,6,0,10,11,6,0,0,0,0,0
CP003282.1/509302-509130,5,47,28,49,49,12,11,11,0,10,12,17,0,11,17,11,0,0,0,0,0
CP002304.1/765451-765283,5,54,44,40,31,13,7,13,0,8,7,5,0,10,10,10,0,0,0,0,0
CP002304.1/1650445-1650276,5,55,42,43,30,10,7,20,0,9,7,2,0,16,9,6,0,0,0,0,0
GG661994.1/643937-643766,5,51,42,41,38,6,13,15,0,9,7,12,0,16,6,7,0,0,0,0,0
AP009389.1/428061-428228,5,38,51,47,32,6,10,12,0,6,5,7,0,12,8,11,0,0,0,0,0
CP003326.1/2861668-2861509,5,50,41,41,28,15,10,12,0,7,4,6,0,12,9,11,0,0,0,0,0
CP001361.1/412322-412166,5,39,29,48,41,7,13,12,0,12,6,12,0,14,16,9,0,0,0,0,0
CP003184.1/548780-548618,5,49,41,38,35,12,9,11,0,9,8,8,0,11,9,6,0,0,0,0,0
JH601133.1/152538-152380,5,48,45,42,24,8,9,15,0,6,4,7,0,16,6,9,0,0,0,0,0
AP012050.1/548958-549124,5,52,44,37,34,15,9,11,0,10,7,6,0,9,10,6,0,0,0,0,0
CP003325.1/1269778-1269936,5,41,25,53,40,11,9,12,0,14,9,10,0,10,14,14,0,0,0,0,0
CP000232.1/409831-409996,5,46,38,44,38,12,11,11,0,10,7,9,0,9,12,10,0,0,0,0,0
CU458896.1/4831187-4831017,5,35,29,57,50,3,11,17,0,10,11,16,0,18,12,13,0,0,0,0,0
CU458896.1/2767096-2766928,5,37,30,56,46,5,14,15,0,8,9,14,0,18,11,13,0,0,0,0,0
CP002987.1/386245-386408,5,48,43,40,33,11,9,13,0,9,6,6,0,10,11,9,0,0,0,0,0
CP002628.1/512951-513109,5,41,23,52,43,6,13,15,0,15,8,13,0,14,14,12,0,0,0,0,0
CP002272.1/273409-273226,5,53,39,48,44,11,14,13,0,11,10,13,0,14,9,10,0,0,0,0,0
CP002273.2/2754774-2754616,5,51,40,39,29,12,12,11,0,10,4,6,0,12,8,9,0,0,0,0,0
GG669606.1/2176-2011,5,57,41,36,32,17,10,14,0,8,2,5,0,9,12,4,0,0,0,0,0
ACCA01000020.1/37628-37459,5,56,39,40,35,9,13,18,0,11,4,8,0,14,8,8,0,0,0,0,0
GG729830.1/533003-532847,5,36,34,49,38,9,8,9,0,10,5,10,0,12,16,11,0,0,0,0,0
DS990202.1/75054-74870,5,46,53,52,34,9,8,10,0,8,4,12,0,14,15,12,0,0,0,0,0
AEDY01000042.1/10705-10858,5,50,30,41,33,11,12,14,0,11,4,8,0,13,7,10,0,0,0,0,0
GG705264.1/231690-231519,5,53,40,42,37,8,12,17,0,7,7,11,0,18,7,7,0,0,0,0,0
AEUX02000001.1/36552-36707,5,48,40,38,30,9,12,12,0,9,3,7,0,13,6,8,0,0,0,0,0
EQ973338.1/517053-516888,5,46,40,47,33,9,11,14,0,8,5,10,0,14,8,10,0,0,0,0,0
DS996841.1/690939-691105,5,48,46,45,28,9,9,13,0,7,4,7,0,12,10,11,0,0,0,0,0
AKVJ01000076.1/38230-38406,5,55,48,42,32,14,12,13,0,10,5,7,0,10,7,10,0,0,0,0,0
AKVJ01000021.1/75985-75809,5,45,49,51,32,10,10,13,0,7,6,8,0,10,9,15,0,0,0,0,0
AKVJ01000021.1/75676-75505,5,51,40,45,36,14,13,13,0,9,6,8,0,12,8,12,0,0,0,0,0
JH417874.1/1324565-1324734,5,47,46,43,34,7,10,15,0,10,6,7,0,13,7,10,0,0,0,0,0
ACOM01000001.1/624108-624271,5,62,45,31,26,17,6,14,0,6,4,4,0,9,8,5,0,0,0,0,0
GL987994.1/655519-655358,5,55,39,38,30,16,11,11,0,9,5,6,0,6,8,10,0,0,0,0,0
GL878519.1/795657-795823,5,52,44,39,32,12,11,11,0,9,3,9,0,10,9,7,0,0,0,0,0
AJFI01000053.1/11693-11866,5,41,24,55,54,9,11,15,0,12,13,14,0,13,17,13,0,0,0,0,0
AJFI01000038.1/130299-130469,5,33,29,58,51,5,11,15,0,8,13,15,0,13,14,16,0,0,0,0,0
AJFI01000053.1/11414-11241,5,41,24,54,55,9,11,15,0,13,14,13,0,12,16,13,0,0,0,0,0
AJFI01000016.1/44637-44464,5,37,30,59,48,6,10,14,0,10,9,15,0,16,14,16,0,0,0,0,0
GL890572.1/497907-498076,5,48,51,41,30,12,6,12,0,8,6,6,0,11,11,9,0,0,0,0,0
ADNY01000010.1/10468-10302,5,60,40,33,34,18,14,12,0,12,4,7,0,13,6,3,0,0,0,0,0
ADNY01000029.1/109560-109397,5,55,36,39,34,12,15,12,0,9,3,12,0,13,7,5,0,0,0,0,0
GG700805.1/169541-169717,5,54,45,41,37,15,15,12,0,9,7,9,0,13,6,5,0,0,0,0,0
AEYM01002371.1/1-116,5,33,30,28,25,9,5,8,0,5,2,6,0,8,12,3,0,0,0,0,0
ADNT01000031.1/20397-20564,5,62,40,34,32,16,12,14,0,11,6,6,0,11,7,6,0,0,0,0,0
CP003639.1/1542579-1542753,5,52,45,46,32,12,10,15,0,9,6,8,0,15,6,10,0,0,0,0,0
CP003639.1/4877760-4877925,5,50,40,43,33,12,9,14,0,10,5,5,0,12,11,9,0,0,0,0,0
CP003639.1/2202163-2202319,5,51,33,42,31,13,10,13,0,10,5,7,0,14,10,11,0,0,0,0,0
CP003504.1/2232698-2232863,5,53,48,37,28,13,9,12,0,7,3,7,0,13,8,6,0,0,0,0,0
CP003504.1/258906-258732,5,62,40,42,31,17,12,17,0,13,3,6,0,14,8,9,0,0,0,0,0
CP003504.1/2682665-2682498,5,58,46,36,28,16,10,14,0,9,2,8,0,12,8,5,0,0,0,0,0
CP003504.1/2197537-2197705,5,55,43,40,31,15,8,16,0,11,3,6,0,8,11,6,0,0,0,0,0
KI391971.1/1325430-1325276,5,46,41,41,27,9,8,11,0,9,4,6,0,12,7,10,0,0,0,0,0
GL834311.1/311012-311179,5,44,46,46,32,9,9,11,0,9,5,7,0,11,11,11,0,0,0,0,0
CP002329.1/2078563-2078748,5,40,29,62,55,7,11,16,0,12,13,17,0,16,18,14,0,0,0,0,0
CP002329.1/416451-416634,5,35,28,65,56,6,12,15,0,11,11,19,0,15,17,16,0,0,0,0,0
CP002329.1/4520174-4520346,5,34,30,58,51,5,12,14,0,9,11,15,0,13,15,16,0,0,0,0,0
CP002736.1/1805800-1805967,5,43,41,48,36,9,9,14,0,7,7,7,0,10,14,11,0,0,0,0,0
CP002764.1/23897-24064,5,54,38,38,38,12,15,15,0,11,6,9,0,13,7,4,0,0,0,0,0
CP002764.1/2027007-2027170,5,54,37,40,33,12,12,13,0,10,5,10,0,15,7,4,0,0,0,0,0
CP002780.1/1388363-1388196,5,42,47,45,34,10,8,12,0,7,5,7,0,10,11,11,0,0,0,0,0
CAKD01000020.1/3679-3842,5,52,39,39,34,11,14,13,0,10,4,10,0,12,7,5,0,0,0,0,0
CAOS01000014.1/80237-80070,5,40,48,46,34,7,9,14,0,5,6,7,0,11,11,11,0,0,0,0,0
CAKE01000002.1/215047-214875,5,54,39,37,43,11,15,13,0,14,9,9,0,11,7,4,0,0,0,0,0
HE999968.1/1630-1797,5,55,49,36,28,15,6,11,0,5,4,8,0,10,11,5,0,0,0,0,0
HE999936.1/35531-35366,5,53,45,40,28,12,5,13,0,8,5,8,0,12,10,5,0,0,0,0,0
FP929037.1/3617691-3617536,5,46,34,45,31,13,9,14,0,9,4,7,0,10,9,12,0,0,0,0,0
CP001124.1/3732610-3732441,5,44,37,46,43,10,15,11,0,9,10,8,0,11,12,10,0,0,0,0,0
CP001124.1/511763-511594,5,39,30,51,50,9,14,10,0,7,12,16,0,12,12,13,0,0,0,0,0
FP929055.1/2496814-2496622,5,53,52,53,35,7,11,14,0,13,5,8,0,19,12,11,0,0,0,0,0
FP929060.1/3032434-3032589,5,45,35,45,31,12,9,14,0,9,4,7,0,10,9,12,0,0,0,0,0
AM942759.1/2281849-2281678,5,52,43,40,37,7,13,15,0,9,6,12,0,16,6,6,0,0,0,0,0
AP012200.1/915190-915360,5,63,47,34,27,18,12,14,0,8,3,7,0,13,5,5,0,0,0,0,0
CP002582.1/1480179-1480355,5,55,46,46,30,13,6,18,0,10,6,6,0,13,10,9,0,0,0,0,0
CP002547.1/2421967-2421807,5,50,36,42,33,16,10,11,0,10,7,6,0,12,9,11,0,0,0,0,0
CP001390.1/3327040-3327209,5,52,37,45,36,14,10,15,0,10,6,8,0,11,10,11,0,0,0,0,0
CP002512.1/1703246-1703078,5,60,41,35,33,17,9,16,0,10,5,7,0,11,9,5,0,0,0,0,0
CP000822.1/4527413-4527596,5,51,42,47,44,9,11,13,0,13,8,10,0,13,11,10,0,0,0,0,0
AM412317.1/240907-241072,5,52,46,39,29,12,9,12,0,6,6,6,0,9,8,8,0,0,0,0,0
AM412317.1/3054397-3054236,5,54,42,39,27,17,10,13,0,9,5,5,0,10,8,9,0,0,0,0,0
CP000910.1/746842-747026,5,40,30,58,57,6,10,16,0,14,12,16,0,13,21,13,0,0,0,0,0
CP000910.1/179848-180022,5,40,24,56,55,6,11,14,0,11,15,17,0,18,14,15,0,0,0,0,0
CR936503.1/1082354-1082189,5,51,44,35,36,14,12,9,0,10,5,8,0,12,10,5,0,0,0,0,0
AP012046.1/2123595-2123430,5,54,42,40,30,16,9,12,0,5,7,6,0,11,8,8,0,0,0,0,0
CP000141.1/329676-329842,5,42,48,46,31,8,9,16,0,4,7,6,0,12,8,13,0,0,0,0,0
CP000909.1/586908-586740,5,42,39,48,40,9,10,13,0,8,4,12,0,6,18,10,0,0,0,0,0
CP000568.1/2645160-2644995,5,50,39,45,32,12,8,14,0,8,6,7,0,11,14,9,0,0,0,0,0
CP000764.1/1422391-1422554,5,48,44,44,28,12,5,15,0,5,4,5,0,12,9,9,0,0,0,0,0
CP002017.1/1848823-1848656,5,41,31,52,44,9,12,12,0,12,11,10,0,10,11,14,0,0,0,0,0
FN692037.1/219133-219296,5,52,34,42,36,10,15,14,0,10,5,12,0,15,8,4,0,0,0,0,0
CP002028.1/2479631-2479800,5,43,42,47,38,8,10,14,0,9,8,8,0,12,9,11,0,0,0,0,0
CP000387.1/1721468-1721312,5,47,37,40,33,11,10,12,0,10,5,7,0,11,9,10,0,0,0,0,0
CP000924.1/241046-241208,5,53,39,38,33,14,10,12,0,10,5,7,0,11,11,7,0,0,0,0,0
AE005176.1/1288920-1288760,5,46,28,50,37,10,11,15,0,11,5,13,0,13,14,9,0,0,0,0,0
AE005176.1/907249-907410,5,48,29,49,36,11,13,14,0,11,5,11,0,14,11,10,0,0,0,0,0
CP001720.1/1833967-1834136,5,44,48,47,31,10,8,10,0,6,6,8,0,10,8,12,0,0,0,0,0
CP000673.1/3641499-3641330,5,55,55,35,25,13,8,13,0,6,4,4,0,10,7,7,0,0,0,0,0
CP000517.1/354573-354740,5,54,40,39,35,13,14,14,0,9,5,8,0,15,7,4,0,0,0,0,0
CP000517.1/232404-232566,5,54,36,39,34,12,15,14,0,9,4,11,0,14,7,4,0,0,0,0,0
AL450380.1/3197161-3196992,5,36,36,56,42,6,6,14,0,12,10,9,0,13,11,15,0,0,0,0,0
AL450380.1/1851527-1851356,5,38,43,51,40,5,7,16,0,10,9,9,0,14,11,11,0,0,0,0,0
AE001437.1/3501846-3501683,5,57,48,34,25,13,7,12,0,5,5,3,0,8,8,6,0,0,0,0,0
AE001437.1/789407-789580,5,55,56,34,29,11,5,16,0,6,4,4,0,9,9,5,0,0,0,0,0
AL591824.1/2766104-2765938,5,46,44,44,33,11,7,14,0,11,8,4,0,8,11,10,0,0,0,0,0
CP001739.1/2726594-2726752,5,55,42,40,22,17,6,13,0,8,2,5,0,16,8,9,0,0,0,0,0
CP001739.1/2726824-2726983,5,54,43,40,23,16,7,13,0,7,2,5,0,13,7,9,0,0,0,0,0
CP001739.1/759665-759825,5,46,47,43,25,12,6,12,0,6,2,8,0,14,8,10,0,0,0,0,0
AL935263.2/1874649-1874486,5,56,46,37,25,16,6,17,0,7,2,6,0,14,7,5,0,0,0,0,0
AE008691.1/2398115-2397950,5,49,40,43,34,12,8,14,0,10,7,6,0,12,11,11,0,0,0,0,0
AE016958.1/3916507-3916677,5,35,23,58,55,5,11,16,0,10,15,16,0,17,14,14,0,0,0,0,0
AE016958.1/1663674-1663849,5,35,29,59,53,6,12,14,0,10,12,16,0,15,16,15,0,0,0,0,0
AE016958.1/1323334-1323518,5,37,33,62,53,6,12,14,0,10,11,18,0,14,13,17,0,0,0,0,0
AE017198.1/1073421-1073588,5,58,43,35,32,15,13,13,0,9,5,7,0,12,4,4,0,0,0,0,0
AE017198.1/231904-232076,5,57,39,35,42,13,14,12,0,13,9,9,0,10,7,4,0,0,0,0,0
AE003852.1/1786702-1786871,5,44,39,48,39,8,10,15,0,14,5,9,0,14,11,10,0,0,0,0,0
CP000002.3/1420313-1420477,5,46,41,41,37,10,6,11,0,11,6,6,0,9,15,8,0,0,0,0,0
CP001706.1/2088420-2088246,5,39,40,50,46,6,11,12,0,11,8,14,0,13,11,12,0,0,0,0,0
CP000544.1/1425650-1425831,5,36,32,61,53,9,9,14,0,8,12,17,0,14,21,12,0,0,0,0,0
CP000462.1/3183416-3183247,5,44,37,48,41,6,10,13,0,14,7,10,0,12,12,12,0,0,0,0,0
CP000885.1/3684636-3684461,5,50,46,46,34,13,8,10,0,9,5,9,0,9,15,11,0,0,0,0,0
HE999757.2/3266477-3266650,5,56,47,43,28,13,7,15,0,9,6,5,0,12,9,9,0,0,0,0,0
HE999757.2/3267204-3267378,5,57,50,39,29,16,8,12,0,6,4,7,0,8,8,9,0,0,0,0,0
HE999757.2/1402587-1402786,5,67,57,44,32,18,8,12,0,11,3,4,0,14,11,8,0,0,0,0,0
CP000679.1/1386114-1386274,5,47,38,44,32,11,5,14,0,7,7,7,0,10,15,10,0,0,0,0,0
CP001791.1/186311-186146,5,42,38,44,42,10,9,11,0,11,9,9,0,9,14,10,0,0,0,0,0
CP001791.1/527842-527676,5,48,33,45,41,14,9,12,0,12,8,8,0,13,14,9,0,0,0,0,0
HG808189.1/2228-2060,5,61,47,37,24,19,8,14,0,6,2,7,0,13,8,6,0,0,0,0,0
ANFO01000010.1/26303-26131,5,48,38,48,39,7,12,16,0,8,7,12,0,17,9,10,0,0,0,0,0
DS270621.1/493-663,5,31,33,54,53,5,9,12,0,10,10,18,0,12,15,12,0,0,0,0,0
